predicted_PLD,species,observed_PLD,family,geog_range,movement_keyword,demers_pelag,length,common_name,kfin,r_fin,diet_troph3,Class,iucn_category
30.96860769841268,Acanthopagrus latus,33.7,Sparidae,4432500,habitat_coastal,demersal,40,yellowfin seabream,3432.6538454980846,0.4187558853,3.865511506302735,Actinopteri,DD
29.96572932539669,Alosa pseudoharengus,5.484285714285714,Clupeidae,887500,habitat_coastal,pelagic-neritic,40,NA,24511.51959734142,1.842742708,3.39,Actinopteri,LC
31.119810495238095,Alosa sapidissima,8.916666666666666,Clupeidae,690000,pelagic,pelagic-neritic,76,NA,4287.867606198165,1.012650669,3.48,Actinopteri,LC
23.713989083333303,Auxis thazard,10,Scombridae,24452500,pelagic,pelagic-neritic,65,NA,1188784.85326621,0.704484871,4.37,Actinopteri,NA
37.50414119285715,Bolbometopon muricatum,31,Scaridae,10460000,habitat_reef,reef-associated,130,NA,921.4817530292988,0.2368272614,2.7726231123167726,Actinopteri,VU
35.70276037857143,Boops boops,16.799999999999997,Sparidae,2757500,pelagic,demersal,40,NA,289938.8997189822,0.4707123195,2.79,Actinopteri,LC
33.470072666666695,Caranx melampygus,57.6,Carangidae,13410000,habitat_reef,reef-associated,117,NA,47.645174421439854,0.562323474,4.49,Actinopteri,LC
28.21012433333333,Cephalopholis argus,27.5,Serranidae,10685000,habitat_reef,reef-associated,60,peacock hind,173.614566478561,0.4531647407,4.48,Actinopteri,LC
33.28281846031746,Cephalopholis boenak,31,Serranidae,10042500,habitat_reef,reef-associated,30,brown-banded seabass,467414.1571591848,0.477019133,4.07,Actinopteri,LC
38.97090781904757,Chanos chanos,40.282000000000004,Chanidae,11060000,habitat_reef,benthopelagic,180,NA,23425.16313784026,0.5661452141,2.5204181874020284,Actinopteri,LC
39.90905178095239,Cheilinus undulatus,34.3,Labridae,7215000,habitat_reef,reef-associated,229,humphead wrasse,5398.268449362704,0.3774617767,4.0056254029676035,Actinopteri,EN
46.279126020634926,Clupea harengus,160,Clupeidae,3810000,migratory,benthopelagic,45,NA,829839.7885025496,0.2164710045,3.38,Actinopteri,LC
32.4294082936508,Coregonus albula,28,Salmonidae,32500,migratory,benthopelagic,48,NA,20850.238192933677,0.4207879027,3.1369191901962172,Actinopteri,LC
35.113798547619055,Coregonus lavaretus,19,Salmonidae,1395000,habitat_coastal,demersal,73,NA,18551.5565582474,0.3905233492,3.13,Actinopteri,VU
31.91522788095238,Cromileptes altivelis,24,Serranidae,7332500,habitat_reef,reef-associated,70,NA,191382.41702813693,0.151702421,4.4820126516281515,Actinopteri,DD
26.503592904761867,Ctenolabrus rupestris,20.9,Labridae,1272500,habitat_reef,reef-associated,18,NA,2070.185700919061,0.4919713239,3.58,Actinopteri,LC
27.460669436507942,Cynoscion nebulosus,19.5,Sciaenidae,557500,habitat_coastal,demersal,100,NA,23214.895825921372,0.4366337922,3.9962844765232783,Actinopteri,LC
27.955284168253954,Dactylopterus volitans,24,Dactylopteridae,5692500,habitat_coastal,reef-associated,50,NA,6.205821294015757,0.6387550998,3.65,Actinopteri,LC
42.01468485555552,Dicentrarchus labrax,49.17666666666667,Moronidae,1665000,habitat_coastal,demersal,103,european seabass,51902.739342871406,0.5314506392,3.5198972278627303,Actinopteri,LC
58.942847322222185,Dissostichus mawsoni,547,Nototheniidae,12715000,deep,pelagic-oceanic,200,NA,59525.89267511628,0.1043376877,3.958920770745981,Actinopteri,NA
39.352493004761904,Engraulis encrasicolus,37,Engraulidae,3817500,migratory,pelagic-neritic,20,NA,222703.88886957665,0.5565145882,3.1929648023113737,Actinopteri,LC
47.47253832619051,Engraulis japonicus,47,Engraulidae,760000,pelagic,pelagic-neritic,18,NA,1215063.2728582197,0.7956075783,3.14,Actinopteri,LC
35.531361955555546,Engraulis mordax,32.5,Engraulidae,360000,pelagic,pelagic-neritic,24.799999237060547,NA,424727.45552127366,0.4524230433,3.1742829494227247,Actinopteri,LC
61.718221544444496,Engraulis ringens,74,Engraulidae,470000,pelagic,pelagic-neritic,20,NA,6557901.088773522,0.6489026694,2.9501006167687196,Actinopteri,LC
39.74889186507941,Epinephelus areolatus,18,Serranidae,12137500,habitat_coastal,reef-associated,47,NA,5778.412723123169,0.3225494767,3.74,Actinopteri,LC
38.60000998333331,Epinephelus marginatus,24.6,Serranidae,2530000,territorial,reef-associated,150,dusky grouper,43372.701856460466,0.1100746736,4.43,Actinopteri,VU
29.92500375396823,Epinephelus merra,34.3,Serranidae,9600000,habitat_reef,reef-associated,32,NA,15891.938161673068,0.4314653084,3.82,Actinopteri,LC
53.75060190238093,Epinephelus morio,40,Serranidae,3007500,habitat_benthic,reef-associated,125,red grouper,44841.13184234522,0.2149185715,3.5,Actinopteri,VU
39.21400964444447,Epinephelus striatus,42,Serranidae,2580000,habitat_reef,reef-associated,122,nassau grouper,2316.178742948387,0.2631075006,4.06,Actinopteri,CR
30.598309533333325,Euthynnus alletteratus,24,Scombridae,5647500,hms,pelagic-oceanic,122,NA,115033.1048848034,0.3302552951,4.49,Actinopteri,LC
84.57648847777774,Gadus morhua,120.25,Gadidae,4322500,migratory,benthopelagic,200,atlantic cod,1024823.8232062228,0.3688136823,4.09,Actinopteri,VU
37.26381717619047,Gasterosteus aculeatus,35,Gasterosteidae,6017500,habitat_coastal,benthopelagic,11,NA,579.82452838535,0.9976328556,3.31,Actinopteri,LC
26.611305025396845,Haemulon plumierii,22.6,Haemulidae,2540000,habitat_reef,reef-associated,53,NA,431.55926458169665,0.5786551709,3.82,Actinopteri,LC
29.07151496666669,Hoplopagrus guentherii,21.5,Lutjanidae,632500,habitat_reef,reef-associated,92,NA,273.06185256926335,0.5028750765,3.8,Actinopteri,LC
31.758062305555523,Katsuwonus pelamis,21.1,Scombridae,251292500,pelagic,pelagic-oceanic,110,NA,4403649.089942738,0.5043825825,4.43,Actinopteri,LC
26.55848537777775,Lachnolaimus maximus,25.9,Labridae,1942500,habitat_reef,reef-associated,91,hogfish,1005.5872694257348,0.5032203722,4.17,Actinopteri,VU
29.098911380952394,Lethrinus harak,28,Lethrinidae,8735000,habitat_reef,reef-associated,50,thumbprint emperor,139.7279869826892,0.3956830782,3.59,Actinopteri,LC
35.98728216111116,Lethrinus nebulosus,32.7,Lethrinidae,11485000,habitat_reef,reef-associated,87,spangled emperor,540.0978941589677,0.3348281894,3.76,Actinopteri,LC
24.49271924444448,Lethrinus obsoletus,19.85,Lethrinidae,8592500,habitat_reef,reef-associated,60,NA,988.3063252351756,0.4569312049,3.89,Actinopteri,LC
42.5172165833334,Lethrinus xanthochilus,26.65,Lethrinidae,10410000,habitat_reef,reef-associated,70,NA,137.262990158257,0.3133546774,3.78,Actinopteri,LC
30.14590003333334,Lutjanus analis,31,Lutjanidae,2712500,habitat_reef,reef-associated,94,mutton snapper,158.9383908151658,0.3749125664,3.91,Actinopteri,NT
43.28234782539685,Lutjanus argentiventris,22.9,Lutjanidae,712500,habitat_reef,reef-associated,71,NA,14303.98732552084,0.3125075476,4.052329999556419,Actinopteri,LC
26.634162165079356,Lutjanus buccanella,26,Lutjanidae,2275000,habitat_coastal,reef-associated,75,NA,59.155507841759295,0.5220815631,3.9215570649686824,Actinopteri,DD
32.37267629206351,Lutjanus campechanus,28,Lutjanidae,2282500,habitat_reef,reef-associated,100,red snapper,16964.466804844546,0.3538694183,3.9402389178573314,Actinopteri,VU
30.701939111111116,Lutjanus cyanopterus,29,Lutjanidae,2590000,habitat_reef,reef-associated,160,NA,292.07096859594736,0.3812087197,4.36,Actinopteri,VU
26.607996800000013,Lutjanus gibbus,54,Lutjanidae,12437500,habitat_reef,reef-associated,50,NA,844.8831363554173,0.4363633077,4.12,Actinopteri,LC
33.35153055555556,Lutjanus griseus,32.4,Lutjanidae,2207500,habitat_reef,reef-associated,89,grey snapper,1831.6955488690537,0.3286310328,4.23,Actinopteri,LC
28.32266856666666,Lutjanus guttatus,24.15,Lutjanidae,542500,habitat_reef,reef-associated,80,NA,983.5538907562784,0.3696228579,4.04,Actinopteri,LC
30.48629937301586,Lutjanus kasmira,31,Lutjanidae,12822500,habitat_reef,reef-associated,40,NA,40.4510834358233,0.4541781935,3.87,Actinopteri,LC
32.8806260952381,Lutjanus synagris,23.87,Lutjanidae,3455000,habitat_reef,reef-associated,60,NA,28340.631546246917,0.6605296699,3.82,Actinopteri,NT
106.21729365555555,Mallotus villosus,150,Osmeridae,13647500,migratory,pelagic-oceanic,20,NA,7400552.679579394,0.138113299,3.15,Actinopteri,NA
85.65338811666669,Melanogrammus aeglefinus,141,Gadidae,2797500,migratory,demersal,112,NA,589371.6330108319,0.3016919655,4.03,Actinopteri,VU
37.297969604761896,Menidia menidia,35,Atherinopsidae,912500,habitat_coastal,pelagic-neritic,15,NA,1323.357542505811,0.8830689836,3.19,Actinopteri,LC
90.33298377777781,Merluccius productus,88,Merlucciidae,960000,migratory,pelagic-neritic,91,NA,7061680.777931809,0.1201033701,4.35,Actinopteri,LC
36.73270658333333,Micromesistius poutassou,7.75,Gadidae,11370000,migratory,bathypelagic,55.5,NA,2238132.13949822,0.2649568984,4.13,Actinopteri,NA
30.822271465079318,Monotaxis grandoculis,33.3,Lethrinidae,11135000,habitat_reef,reef-associated,60,NA,113.77294246688996,0.5514843744,3.37,Actinopteri,LC
41.47444718412697,Morone saxatilis,33,Moronidae,565000,habitat_coastal,demersal,200,striped bass,27392.26209916924,0.2553288215,4.65,Actinopteri,LC
43.07198643174596,Mulloidichthys flavolineatus,60.1,Mullidae,11047500,habitat_reef,reef-associated,43,white goatfish,351.5035609914876,0.798341841,3.84,Actinopteri,LC
42.849542984126934,Mullus surmuletus,30.1,Mullidae,2882500,habitat_benthic,demersal,40,NA,17341.664032193712,0.6560872693,3.45,Actinopteri,LC
39.738442180952404,Mycteroperca microlepis,43,Serranidae,1780000,habitat_reef,reef-associated,145,gag,14127.232098197635,0.1768040606,3.65,Actinopteri,VU
54.18047183730174,Naso unicornis,73.9,Acanthuridae,11817500,habitat_reef,reef-associated,70,bluespine unicornfish,2152.0863835424575,0.3373340427,2.305576790100549,Actinopteri,LC
23.064682812698408,Oblada melanura,16,Sparidae,1805000,habitat_reef,benthopelagic,36.599998474121094,NA,6862.353237887897,0.4308825118,3.43582888986381,Actinopteri,LC
31.80770614761902,Ocyurus chrysurus,30.9,Lutjanidae,2962500,habitat_reef,reef-associated,86.30000305175781,yellowtail snapper,106024.54373527516,0.4739258499,4.03,Actinopteri,DD
38.11122101904764,Pagrus major,47,Sparidae,1235000,habitat_reef,demersal,100,NA,27715.417406655444,0.3888317409,4.46,Actinopteri,LC
37.659946965873,Pagrus pagrus,38,Sparidae,5512500,habitat_reef,benthopelagic,91,red porgy,69501.76972717891,0.3936744648,3.86,Actinopteri,LC
67.46486722222225,Paralichthys dentatus,102.77,Paralichthyidae,360000,habitat_benthic,demersal,94,NA,19381.14190323905,1.335834603,4.49,Actinopteri,LC
28.982314322222212,Plectropomus leopardus,25.2,Serranidae,8795000,habitat_reef,reef-associated,120,coral trout,148319.65185550548,0.2621369961,4.42,Actinopteri,LC
46.05190036666666,Pleuronectes platessa,100,Pleuronectidae,1712500,migratory,demersal,100,NA,184703.56240926232,0.2596898428,3.17,Actinopteri,LC
68.74815838174611,Pseudopleuronectes americanus,87,Pleuronectidae,760000,habitat_benthic,demersal,64,NA,48209.724205089755,0.3072234958,3.62,Actinopteri,NA
41.560275622222235,Sardina pilchardus,40,Clupeidae,2405000,pelagic,pelagic-neritic,27.5,NA,909343.101910535,0.5277279218,3.06,Actinopteri,LC
61.89361594444446,Sardinops sagax,46.4875,Clupeidae,7210000,migratory,pelagic-neritic,39.5,NA,6612312.474791046,0.3485852335,2.84,Actinopteri,LC
39.87558044285709,Sargocentron spiniferum,39.8,Holocentridae,11040000,habitat_reef,reef-associated,51,NA,134.95470381242433,1.094233812,3.6,Actinopteri,LC
35.81546902142861,Sarpa salpa,31.6,Sparidae,1802500,habitat_reef,benthopelagic,51,salema,8456.209714603301,0.5113056731,2,Actinopteri,LC
35.02199363730162,Scarus ghobban,29.7,Scaridae,12940000,habitat_reef,reef-associated,75,NA,350.92462992694,0.5728409546,2,Actinopteri,LC
40.69696040873013,Sciaenops ocellatus,22,Sciaenidae,987500,habitat_benthic,demersal,155,NA,55.282501631207474,0.3472346481,3.7721022418594914,Actinopteri,LC
28.7695155301587,Scomber japonicus,19.06,Scombridae,6372500,hms,pelagic-neritic,64,NA,5259513.121755151,0.3977304197,3.38,Actinopteri,LC
42.835605855555656,Scomber scombrus,45.14666666666667,Scombridae,2945000,hms,pelagic-neritic,60,NA,3765502.186793366,0.2710951535,3.63,Actinopteri,LC
21.807432695238084,Scomberomorus cavalla,12,Scombridae,2745000,hms,pelagic-neritic,184,NA,42236.37570465762,0.4229760766,4.42,Actinopteri,LC
20.654644223809573,Scomberomorus maculatus,9.903333333333332,Scombridae,832500,hms,pelagic-neritic,91,NA,23170.024141511494,0.5527061155,4.53,Actinopteri,LC
50.810206766666546,Scophthalmus maximus,45.01,Scophthalmidae,1410000,habitat_benthic,demersal,100,NA,62251.19120500022,0.444655202,4.36,Actinopteri,NA
73.2531814484127,Sebastes crameri,90,Sebastidae,1632500,habitat_benthic,bathydemersal,58,NA,29240.00377813338,0.05294116963,3.764736842105263,Actinopteri,NA
31.745088752380934,Semicossyphus pulcher,47.46666666666667,Labridae,222500,habitat_reef,reef-associated,91,california sheephead,27.00400647520341,0.7074505784,3.6039655658616505,Actinopteri,VU
62.95500255238095,Solea solea,45,Soleidae,1462500,habitat_benthic,demersal,70,NA,164180.23103109017,0.3142433512,3.21,Actinopteri,DD
44.77549027698416,Sparus aurata,52,Sparidae,1810000,habitat_reef,demersal,70,gilthead seabream,52530.50872683109,0.3799373066,3.7,Actinopteri,LC
35.508247565873006,Spondyliosoma cantharus,34.775000000000006,Sparidae,3510000,habitat_reef,benthopelagic,60,NA,62479.581659343385,0.3950532213,3.34,Actinopteri,LC
39.065787649999955,Thunnus albacares,26.53,Scombridae,238802500,hms,pelagic-oceanic,239,yellowfin tuna,2632284.9072994697,0.3716833358,4.41,Actinopteri,NT
50.620997105555546,Thunnus maccoyii,24,Scombridae,81205000,hms,pelagic-oceanic,245,NA,678424.4268565642,0.1018450947,3.9495799066590673,Actinopteri,CR
57.00519927777774,Thunnus thynnus,31,Scombridae,59672500,pelagic,pelagic-oceanic,458,NA,893507.9524669491,0.08176428773,4.45,Actinopteri,EN
43.350413241269784,Trachinus draco,12.9,Trachinidae,2867500,habitat_benthic,demersal,53,NA,3639.605606778412,0.6301792688,4.183103005409768,Actinopteri,LC
29.059034268253967,Trachurus symmetricus,1.5,Carangidae,12545000,pelagic,pelagic-oceanic,81,NA,97859.78073388584,0.2383762954,3.57,Actinopteri,LC
28.520604128571417,Xyrichtys novacula,39,Labridae,4975000,habitat_coastal,reef-associated,38,pearly razorfish,179.8277477472612,0.6510452445,3.51,Actinopteri,LC
32.66930475079365,Sardinella aurita,NA,Clupeidae,5502500,habitat_coastal,pelagic-neritic,41,NA,207074.70245357184,0.6742925927,3.4,Actinopteri,LC
37.04247057301589,Opisthonema oglinum,NA,Clupeidae,2765000,habitat_coastal,reef-associated,38,NA,38353.45049008253,1.026959074,4.5,Actinopteri,LC
29.51947320079364,Acanthopagrus schlegelii,NA,Sparidae,675000,habitat_coastal,demersal,50,blackhead seabream,2274.0732148467905,0.44458551,3.305055928551469,Actinopteri,NA
30.637625311111098,Albula vulpes,NA,Albulidae,1525000,habitat_lagoon,reef-associated,104,bonefish,847.2094177679169,0.4633329042,3.73,Actinopteri,NT
34.49780138412704,Balistes capriscus,NA,Balistidae,5260000,habitat_reef,reef-associated,60,grey triggerfish,459.855127722366,0.824568385,4.06,Actinopteri,VU
41.145197341269835,Boreogadus saida,NA,Gadidae,4780000,migratory,demersal,40,artic cod,272362.6872357956,0.3707615497,3.12,Actinopteri,NA
29.465577679365087,Caranx crysos,NA,Carangidae,3710000,habitat_coastal,reef-associated,70,blue runner,18701.458386321763,0.7108643468,4.13,Actinopteri,LC
34.452796531746024,Caranx ignobilis,NA,Carangidae,13842500,habitat_reef,reef-associated,170,giant trevally,47191.53769557519,0.4220044731,4.22,Actinopteri,LC
30.838608611111116,Centropomus undecimalis,NA,Centropomidae,2412500,habitat_coastal,reef-associated,140,common snook,17095.644858771528,0.6418890946,4.17,Actinopteri,LC
32.1387041126984,Centropristis striata,NA,Serranidae,632500,habitat_reef,reef-associated,66,black seabass,24088.86012189538,0.3905954849,3.89,Actinopteri,LC
31.802457980158714,Cephalopholis hemistiktos,NA,Serranidae,852500,territorial,reef-associated,35,yellowfin hind,1047.3615405455982,0.3690721733,4.14,Actinopteri,LC
23.6871068611111,Cephalopholis miniata,NA,Serranidae,11952500,territorial,reef-associated,50,coral hind,990.2623917889472,0.4531647407,4.29,Actinopteri,LC
50.82726199999992,Conger conger,NA,Congridae,3262500,habitat_benthic,demersal,300,european conger,123532.83376841346,0.2083425047,4.31,Actinopteri,LC
30.3193787888889,Diplodus sargus,NA,Sparidae,2037500,habitat_reef,demersal,45,white seabream,9479,0.54,3.38,Actinopteri,LC
28.184504014285718,Diplodus vulgaris,NA,Sparidae,1907500,habitat_reef,benthopelagic,45,two-banded seabream,1123.2127428246497,0.5828317068,3.52,Actinopteri,LC
35.528753736507966,Epinephelus tauvina,NA,Serranidae,13810000,habitat_reef,reef-associated,100,greasy grouper,14708.165014622162,0.1870764978,4.136398373188146,Actinopteri,DD
34.72534745396826,Istiophorus platypterus,NA,Istiophoridae,194122500,hms,pelagic-oceanic,348,indo-pacific sailfish,229747.16490634848,0.4661668493,4.5,Actinopteri,LC
38.77994444285718,Labrus bergylta,NA,Labridae,872500,habitat_reef,reef-associated,65.9000015258789,ballan wrasse,832.785093246091,0.2079384002,3.2,Actinopteri,LC
35.37365082222222,Makaira nigricans,NA,Istiophoridae,191340000,hms,pelagic-oceanic,500,blue marlin,135732.0484787487,0.2678543083,4.49,Actinopteri,VU
49.21378425555549,Megalops atlanticus,NA,Megalopidae,3672500,migratory,reef-associated,250,atlantic tarpon,27873.80277266148,0.1498818096,4.5,Actinopteri,VU
44.06271512222218,Ophiodon elongatus,NA,Hexagrammidae,722500,migratory,demersal,152,lingcod,37899.04790987769,0.1429173311,4.53,Actinopteri,NA
35.6377234388889,Pagrus auratus,NA,Sparidae,1832500,habitat_reef,reef-associated,130,silver seabream,308915.0835908572,0.212995064,3.59,Actinopteri,NA
48.44559799206347,Paralichthys olivaceus,NA,Paralichthyidae,1642500,habitat_benthic,demersal,103,bastard halibut,5662.614177373468,0.8737338834,4.46,Actinopteri,NA
46.12622026428574,Parophrys vetulus,NA,Pleuronectidae,1230000,migratory,demersal,49,english sole,21879.97938326935,0.313793044,3.445169816308135,Actinopteri,NA
34.144827138888886,Plectropomus areolatus,NA,Serranidae,5310000,migratory,reef-associated,80,squaretail coralgrouper,3094.997213065265,0.3217269456,4.4820126516281515,Actinopteri,VU
33.66150827142859,Pollachius pollachius,NA,Gadidae,1365000,habitat_coastal,benthopelagic,130,pollack,77783.54454447336,0.4373369226,4.32,Actinopteri,LC
61.748708699999995,Pollachius virens,NA,Gadidae,1737500,migratory,demersal,130,saithe,890845.9367533724,0.2927713479,4.31,Actinopteri,NA
42.77102463809517,Prolatilus jugularis,NA,Pinguipedidae,295000,habitat_benthic,demersal,40,pacific sandperch,735.5556771418981,0.636895363,3.7347385360821934,Actinopteri,NA
33.170425803174616,Pseudocaranx dentex,NA,Carangidae,4832500,habitat_coastal,reef-associated,122,white trevally,12157.548427403375,0.3819042982,3.92,Actinopteri,LC
41.699098342857155,Salmo trutta,NA,Salmonidae,1677500,migratory,pelagic-neritic,140,sea trout,4797.810025948332,0.7458586273,3.36,Actinopteri,LC
48.971871930952354,Scorpaenichthys marmoratus,NA,Cottidae,410000,habitat_benthic,demersal,99,cabezon,642.5057606469001,0.3221760997,3.6600110176291776,Actinopteri,NA
45.04911931587298,Sebastes melanops,NA,Sebastidae,1035000,habitat_reef,reef-associated,63,black rockfish,27787.10688085077,0.08504845244,4.38,Actinopteri,NA
52.705718696031745,Sebastes mystinus,NA,Sebastidae,680000,habitat_reef,reef-associated,61,blue rockfish,5301.713840016691,0.1037400389,2.71,Actinopteri,NA
42.27796104920631,Serranus cabrilla,NA,Serranidae,3617500,habitat_benthic,demersal,40,comber,740.2557182942206,0.5110288116,3.35,Actinopteri,LC
59.279166899206324,Solea senegalensis,NA,Soleidae,920000,habitat_benthic,demersal,60,senegalese sole,750.3105769982275,0.1405178112,3.314396846087592,Actinopteri,DD
32.06815212619048,Sparisoma cretense,NA,Scaridae,1422500,habitat_coastal,reef-associated,50,parrotfish,2093.718352663624,0.4855992205,2.9501007147589373,Actinopteri,LC
43.37028066031745,Sphyraena barracuda,NA,Sphyraenidae,16007500,habitat_coastal,reef-associated,200,great barracuda,48650.529050795485,0.2827322183,4.49,Actinopteri,LC
32.36656871111109,Thunnus orientalis,NA,Scombridae,137085000,hms,pelagic-oceanic,300,pacific bluefin tuna,180859.50897261652,0.1918063374,4.416666666666667,Actinopteri,VU
29.974058288888887,Ablennes hians,NA,Belonidae,10402500,habitat_coastal,reef-associated,140,NA,38.098345310676514,0.5809176178,4.4820126516281515,Actinopteri,LC
53.1847708023809,Acanthistius brasilianus,NA,Serranidae,772500,habitat_benthic,benthopelagic,60,NA,43325.50972401451,0.3928226144,4.024307255856252,Actinopteri,DD
42.09190100634919,Acanthocybium solandri,NA,Scombridae,193442500,pelagic,pelagic-oceanic,250,NA,23280.69490597547,0.5226842261,4.26,Actinopteri,LC
30.20546959682537,Acanthopagrus berda,NA,Sparidae,6690000,habitat_coastal,demersal,90,NA,141.20340086105253,0.5477488469,3.5479200071957036,Actinopteri,LC
24.71560292698412,Acanthopagrus bifasciatus,NA,Sparidae,815000,habitat_reef,reef-associated,36.20000076293945,NA,1089.812243940583,0.4867076902,3.445169816308135,Actinopteri,LC
35.44937461825397,Acanthurus sohal,NA,Acanthuridae,955000,habitat_reef,reef-associated,40,NA,202.6964938343385,0.5303693121,2.146781040547033,Actinopteri,LC
51.78197897063491,Acipenser transmontanus,NA,Acipenseridae,350000,habitat_coastal,demersal,610,NA,3863.4215497305504,0.08634625958,3.25,Actinopteri,LC
29.611585277777774,Aethaloperca rogaa,NA,Serranidae,10922500,habitat_reef,reef-associated,60,NA,161.752398336464,0.3928226144,4.201784858298417,Actinopteri,LC
37.50322986031743,Alepes djedaba,NA,Carangidae,8030000,habitat_reef,reef-associated,40,NA,261.8920556073081,1.017167166,3.379783268840452,Actinopteri,LC
57.42709886666666,Allocyttus niger,NA,Oreosomatidae,2897500,habitat_deep,bathypelagic,47,NA,53915.20279050776,0.06471891327,3.5666018600843525,Actinopteri,NA
30.694307622222226,Allothunnus fallai,NA,Scombridae,48347500,pelagic,pelagic-oceanic,105,NA,451.36592552924174,0.5965182234,3.7,Actinopteri,LC
35.560043876190505,Alosa fallax,NA,Clupeidae,2272500,migratory,pelagic-neritic,60,NA,40.65587961844853,0.8061810569,4.03,Actinopteri,LC
36.54466663015874,Alosa immaculata,NA,Clupeidae,90000,migratory,pelagic-neritic,39,NA,984.131368520964,0.989034626,3.98,Actinopteri,VU
46.50725303015878,Amblygaster sirm,NA,Clupeidae,9910000,habitat_coastal,reef-associated,27,NA,71364.8088060673,1.416628191,2.978123494091911,Actinopteri,LC
49.74686250079369,Ammodytes personatus,NA,Ammodytidae,1835000,habitat_coastal,demersal,15,NA,2935070.7042080476,0.3440538855,3.1525,Actinopteri,NA
28.27429758968254,Amphichthys cryptocentrus,NA,Batrachoididae,972500,sedentary,reef-associated,40,NA,3263.489612967477,0.57223899,3.75,Actinopteri,LC
45.411953547619035,Anarhichas denticulatus,NA,Anarhichadidae,3635000,habitat_deep,benthopelagic,180,NA,25393.14083064306,0.1006708078,4.052330035189225,Actinopteri,NA
46.246255592857125,Anarhichas lupus,NA,Anarhichadidae,1955000,habitat_coastal,demersal,150,NA,81375.50791907193,0.1049453849,3.55,Actinopteri,NA
45.03604218809532,Anchoa nasus,NA,Engraulidae,865000,habitat_coastal,pelagic-neritic,17,NA,7225.316677489695,1.296884333,3.33,Actinopteri,LC
48.05168690476197,Anodontostoma chacunda,NA,Clupeidae,8597500,habitat_coastal,pelagic-neritic,22,NA,116060.5256838138,1.401207267,2.9314187816964736,Actinopteri,LC
68.06949429444444,Anoplopoma fimbria,NA,Anoplopomatidae,2682500,deep,bathydemersal,120,NA,951557.8095011188,0.03540638376,3.84,Actinopteri,NA
59.05118314285711,Antimora rostrata,NA,Moridae,222710000,deep,bathypelagic,75,NA,486.5318366167408,0.11723796,3.622647418750299,Actinopteri,LC
47.821326788888854,Aphanopus carbo,NA,Trichiuridae,2627500,deep,bathypelagic,151,NA,84676.53885824281,0.3460890631,4.463330798739503,Actinopteri,NA
39.026801022222244,Aphareus rutilans,NA,Lutjanidae,9965000,habitat_reef,reef-associated,110,NA,1738.8744501521078,0.3122157554,4.117716520299497,Actinopteri,LC
36.33979584761901,Aphia minuta,NA,Gobiidae,2717500,habitat_coastal,pelagic-neritic,7.900000095367432,NA,40.81806962950948,1.70140334,3.1742829494227247,Actinopteri,NA
36.22505092777779,Aplodactylus punctatus,NA,Aplodactylidae,240000,habitat_coastal,demersal,43.70000076293945,NA,41.96266254577875,0.6301792688,2.04,Actinopteri,NA
30.805633688888893,Aprion virescens,NA,Lutjanidae,12892500,habitat_reef,reef-associated,112,NA,113.3144341711675,0.5884863697,4.28,Actinopteri,LC
27.2781684222222,Apsilus fuscus,NA,Lutjanidae,512500,habitat_reef,demersal,75,NA,3.1393973294345847,0.5911962728,4.005625411875805,Actinopteri,LC
29.8743499206349,Archosargus probatocephalus,NA,Sparidae,2200000,habitat_reef,reef-associated,91,NA,6582.156032563397,0.6095795937,3.575942786528677,Actinopteri,LC
49.2281401682539,Arctoscopus japonicus,NA,Trichodontidae,1677500,habitat_benthic,bathydemersal,30,NA,108251.21576896917,0.6301792688,3.557260933640028,Actinopteri,NA
53.94832547301589,Argentina silus,NA,Argentinidae,2310000,pelagic,bathypelagic,70,NA,2785.434724876656,0.07340039175,3.32,Actinopteri,NA
33.27998698015874,Argentina sphyraena,NA,Argentinidae,2555000,pelagic,bathydemersal,35,NA,5669.6790039008965,0.2277031908,3.49,Actinopteri,NA
32.64854031587303,Argyrops spinifer,NA,Sparidae,13112500,habitat_coastal,demersal,70,NA,11308.838871446713,0.4944861328,4.49,Actinopteri,LC
39.226673882539664,Argyrosomus hololepidotus,NA,Sciaenidae,347500,habitat_coastal,demersal,200,NA,81983.30163018277,0.2279530542,4.48,Actinopteri,EN
50.30678189999994,Argyrosomus regius,NA,Sciaenidae,1400000,migratory,benthopelagic,230,NA,35019.83378620683,0.1490752935,4.285853196297338,Actinopteri,LC
41.88107720317465,Arripis trutta,NA,Arripidae,930000,habitat_coastal,pelagic-neritic,89,NA,45063.2202129168,0.2858312819,4.07,Actinopteri,NA
54.73702402222212,Atheresthes evermanni,NA,Pleuronectidae,1745000,habitat_benthic,demersal,100,NA,47522.58493761609,0.1722365063,4.3,Actinopteri,NA
53.29073249999992,Atheresthes stomias,NA,Pleuronectidae,1287500,habitat_benthic,demersal,84,NA,3356654.471531703,0.1928365429,4.17,Actinopteri,NA
37.6285970531746,Atherina boyeri,NA,Atherinidae,1385000,habitat_coastal,demersal,20,NA,5070.648817451686,0.8125863471,3.286374066754618,Actinopteri,LC
38.08580396825398,Atractoscion aequidens,NA,Sciaenidae,4040000,habitat_coastal,benthopelagic,130,NA,2288.23040061817,0.3118532119,4.4820126516281515,Actinopteri,VU
36.46230551111113,Atractoscion nobilis,NA,Sciaenidae,522500,habitat_coastal,demersal,166,NA,1870.6448241063013,0.2966164356,4.3325579710501865,Actinopteri,LC
27.854528490476213,Atrobucca nibe,NA,Sciaenidae,9827500,habitat_coastal,demersal,45,NA,25016.4276402239,0.4608215116,3.97760262363463,Actinopteri,NA
43.36994665396828,Atule mate,NA,Carangidae,11757500,habitat_reef,reef-associated,30,NA,1356.3753463842834,1.254655656,4.22,Actinopteri,LC
53.508860609523786,Austroglossus microlepis,NA,Soleidae,307500,habitat_benthic,bathydemersal,75,NA,11375.115712754665,0.1855808814,3.5292381543070546,Actinopteri,DD
53.006439388888886,Austroglossus pectoralis,NA,Soleidae,172500,habitat_benthic,demersal,60,NA,9694.211566856551,0.2676434264,4.0429891087449015,Actinopteri,NA
28.829182440476195,Belone belone,NA,Belonidae,2555000,pelagic,pelagic-oceanic,104,NA,26192.698028067924,0.4789948705,4.16,Actinopteri,LC
36.48172492698415,Beryx decadactylus,NA,Berycidae,19952500,habitat_deep,bathydemersal,100,NA,10665.200704803774,0.1587068117,4.136398373188146,Actinopteri,LC
35.849256571428604,Beryx splendens,NA,Berycidae,17805000,habitat_deep,benthopelagic,70,NA,11085.67752211561,0.2419321683,4.27,Actinopteri,LC
47.33313182539673,Bothus pantherinus,NA,Bothidae,9750000,habitat_benthic,reef-associated,39,NA,223.1836130656775,0.7856311563,3.5479200071957036,Actinopteri,LC
37.21221915079364,Brachydeuterus auritus,NA,Haemulidae,650000,habitat_coastal,benthopelagic,30,NA,70828.46313344083,0.6741900721,3.1088964643124535,Actinopteri,NT
46.54465968888887,Brama brama,NA,Bramidae,140227500,migratory,pelagic-neritic,100,NA,70090.6936694998,0.2537322299,4.089693740966523,Actinopteri,LC
36.11200266349207,Bregmaceros mcclellandi,NA,Bregmacerotidae,62220000,pelagic,pelagic-oceanic,9.600000381469728,NA,24255.3630681693,0.3895206175,3.361101478309214,Actinopteri,NA
37.070421230158736,Brevoortia aurea,NA,Clupeidae,317500,habitat_coastal,pelagic-neritic,34.400001525878906,NA,7670.443706588466,0.9387696821,2.847350523871368,Actinopteri,LC
44.82612407777778,Brevoortia patronus,NA,Clupeidae,485000,habitat_coastal,pelagic-neritic,35,NA,977143.8443443908,0.8431082064,2.324258642989198,Actinopteri,LC
41.24702549126984,Brevoortia tyrannus,NA,Clupeidae,335000,migratory,pelagic-neritic,50,NA,762986.465060563,0.7243068538,3.23,Actinopteri,LC
59.60763704444438,Brosme brosme,NA,Lotidae,2245000,habitat_benthic,demersal,120,NA,449997.8369257748,0.1052321725,3.9,Actinopteri,NA
56.01011059761903,Brotula barbata,NA,Ophidiidae,3760000,habitat_benthic,reef-associated,94,NA,22829.3043460854,0.2764273455,3.67,Actinopteri,LC
57.62422482539678,Callorhinchus callorynchus,NA,Callorhinchidae,1385000,habitat_benthic,demersal,89.19999694824219,NA,61930.47978902265,0.1667172616,3.35,Holocephali,LC
59.357201449999955,Callorhinchus milii,NA,Callorhinchidae,1070000,habitat_benthic,demersal,125,NA,69198.5953749451,0.114485214,3.641329271638949,Holocephali,LC
29.126524777777774,Caprodon longimanus,NA,Serranidae,1067500,habitat_reef,reef-associated,55,NA,18.2779700984547,0.3928226144,3.9402389178573314,Actinopteri,LC
36.87311051904761,Capros aper,NA,Caproidae,2592500,habitat_reef,demersal,30,NA,770203.427315826,0.435056667,3.14,Actinopteri,LC
34.93098508095241,Carangoides bajad,NA,Carangidae,5572500,habitat_reef,reef-associated,55,NA,7411.747197787539,0.9758470988,3.986943550078954,Actinopteri,LC
35.28789753015877,Carangoides fulvoguttatus,NA,Carangidae,13272500,habitat_reef,reef-associated,120,NA,221.74734769111035,1.009870027,4.43,Actinopteri,LC
38.802466463492074,Carangoides malabaricus,NA,Carangidae,11795000,habitat_reef,reef-associated,60,NA,457.290518335727,1.1685438,3.9215570649686824,Actinopteri,LC
38.608881425396845,Caranx hippos,NA,Carangidae,5142500,habitat_reef,reef-associated,124,NA,22718.78795954818,0.8714137407,3.56,Actinopteri,LC
29.301891071428592,Caranx rhonchus,NA,Carangidae,1315000,habitat_coastal,benthopelagic,60,NA,10792.924935716072,0.6431203813,3.641329271638949,Actinopteri,LC
33.87296213015877,Caranx ruber,NA,Carangidae,2530000,habitat_reef,reef-associated,73,NA,95.90817563069042,0.8242467285,4.28,Actinopteri,LC
36.13384516507942,Caranx sexfasciatus,NA,Carangidae,11302500,habitat_reef,reef-associated,120,NA,273.4482874029431,0.7309462491,4.5,Actinopteri,LC
47.223741238095165,Centriscops humerosus,NA,Centriscidae,2030000,habitat_benthic,bathydemersal,30,NA,171.320494835916,0.8656290664,3.613306492305975,Actinopteri,LC
41.485216276190485,Centroberyx affinis,NA,Berycidae,777500,habitat_coastal,benthopelagic,51,NA,27515.243992656644,0.3223067185,3.8374887269697626,Actinopteri,NA
29.53017709523812,Cephalopholis fulva,NA,Serranidae,2405000,habitat_reef,reef-associated,44,NA,168.64800308211014,0.4345856379,4.05,Actinopteri,LC
30.032029161111105,Cepola macrophthalma,NA,Cepolidae,2435000,sedentary,demersal,80,NA,468.73471571250127,0.6627629437,3.202305835654118,Actinopteri,LC
37.50913109206353,Cetengraulis edentulus,NA,Engraulidae,1587500,habitat_coastal,pelagic-neritic,18.200000762939453,NA,7724.578696243618,0.5081147017,2.249531231434602,Actinopteri,LC
45.79107146111111,Cetengraulis mysticetus,NA,Engraulidae,595000,habitat_coastal,pelagic-neritic,22,NA,1118371.6153890342,0.8275132588,2.585804610154888,Actinopteri,LC
48.5197791246032,Champsocephalus gunnari,NA,Channichthyidae,492500,habitat_coastal,benthopelagic,66,NA,19590.15602370023,0.3025856452,3.23,Actinopteri,NA
39.05415206587306,Channichthys rhinoceratus,NA,Channichthyidae,250000,habitat_coastal,demersal,60,NA,856.1592368058215,0.2393947191,3.314396846087592,Actinopteri,NA
40.84457263492067,Cheilodactylus variegatus,NA,Cheilodactylidae,160000,habitat_coastal,benthopelagic,44,NA,8316.03384143247,0.3313642119,3.65,Actinopteri,NA
28.88851432380952,Cheimerius nufar,NA,Sparidae,3720000,habitat_reef,reef-associated,75,NA,141.3624148719138,0.4379947814,3.54,Actinopteri,DD
53.191761158730145,Chelidonichthys capensis,NA,Triglidae,515000,habitat_benthic,demersal,75,NA,8389.892708720317,0.2773189218,4.1,Actinopteri,LC
57.93136144523808,Chelidonichthys cuculus,NA,Triglidae,3207500,habitat_benthic,demersal,70,NA,32190.669059889235,0.230982835,3.81,Actinopteri,LC
57.772867934920605,Chelidonichthys kumu,NA,Triglidae,4697500,habitat_benthic,demersal,60,NA,66428.53130424184,0.2307969136,3.716056683193544,Actinopteri,LC
54.00302254841268,Chelidonichthys lucerna,NA,Triglidae,2402500,habitat_benthic,demersal,75.0999984741211,NA,31757.213114457903,0.3456444355,3.98,Actinopteri,LC
52.89138362222222,Chimaera monstrosa,NA,Chimaeridae,2207500,deep,bathydemersal,150,NA,294.94951383260064,0.1159927323,3.52,Holocephali,NT
35.21226082380954,Chirocentrus dorab,NA,Chirocentridae,10000000,habitat_coastal,reef-associated,100,NA,53429.31707799113,0.4013752968,4.388603387184907,Actinopteri,LC
37.42668680000003,Chirocentrus nudus,NA,Chirocentridae,9657500,habitat_coastal,pelagic-neritic,100,NA,75935.19460188715,0.2695672291,4.1924439318540925,Actinopteri,LC
38.66406343968256,Chloroscombrus chrysurus,NA,Carangidae,4080000,habitat_coastal,pelagic-neritic,65,NA,60228.065366482726,0.8173003682,3.54,Actinopteri,LC
38.25038007301587,Chloroscombrus orqueta,NA,Carangidae,775000,habitat_coastal,benthopelagic,30,NA,6174.469341378561,0.8836620118,2.54,Actinopteri,LC
51.948286806349124,Cilus gilberti,NA,Sciaenidae,285000,habitat_benthic,demersal,92,NA,39818.27394155925,0.6246151211,3.9402389178573314,Actinopteri,DD
43.87484523095239,Clupeonella cultriventris,NA,Clupeidae,270000,migratory,pelagic-neritic,14.5,NA,126214.60602428044,0.9078983456,3,Actinopteri,LC
37.160455662698425,Coelorinchus chilensis,NA,Macrouridae,287500,habitat_deep,bathydemersal,48,NA,1276.456542441615,0.2073740791,3.8533333333333335,Actinopteri,NA
35.69808569047619,Cololabis saira,NA,Scomberesocidae,10187500,pelagic,pelagic-oceanic,40,NA,1327967.3990410152,0.4612470942,3.7440794625265177,Actinopteri,NA
54.65276422222216,Conger myriaster,NA,Congridae,1475000,habitat_benthic,bathydemersal,100,NA,265480.48568406317,0.2695223787,3.9962844765232783,Actinopteri,LC
44.29930264999997,Conger oceanicus,NA,Congridae,1605000,territorial,demersal,230,NA,485.7036385305544,0.2695223787,4.5,Actinopteri,LC
52.692326527777745,Conger orbignianus,NA,Congridae,515000,habitat_benthic,demersal,112,NA,3468.1943795101333,0.269522379,3.7534203889708424,Actinopteri,LC
43.366818661904695,Conodon nobilis,NA,Haemulidae,2602500,habitat_benthic,demersal,33.599998474121094,NA,8375.276066119246,0.654886592,3.61,Actinopteri,LC
35.59758647936508,Coryphaena hippurus,NA,Coryphaenidae,197602500,hms,pelagic-neritic,210,NA,293986.82010652334,0.7955603449,4.37,Actinopteri,LC
60.92466674841269,Coryphaenoides rupestris,NA,Macrouridae,2527500,habitat_deep,bathypelagic,110,NA,511478.7340584192,0.07198689906,3.697374830304895,Actinopteri,CR
23.51767135555555,Cottoperca gobio,NA,Bovichtidae,665000,territorial,demersal,80,NA,35.335976764838954,0.6301792688,4.257830416964364,Actinopteri,NA
31.784008245238052,Crenidens crenidens,NA,Sparidae,1897500,habitat_coastal,demersal,30,NA,22.55929734622068,0.5189877956,2.8940551560929904,Actinopteri,LC
48.060821055555536,Cyclopterus lumpus,NA,Cyclopteridae,4235000,migratory,benthopelagic,61,NA,195061.75142513495,0.1442879898,3.89,Actinopteri,NA
37.92367487619048,Cymatoceps nasutus,NA,Sparidae,135000,habitat_coastal,demersal,150,NA,107.95751442006076,0.1892966887,3.6039655658616505,Actinopteri,VU
46.822082283333316,Cynoponticus coniceps,NA,Muraenesocidae,565000,sedentary,demersal,202,NA,41.31668094629449,0.4092293866,4.0429891087449015,Actinopteri,DD
39.255058889682545,Cynoscion acoupa,NA,Sciaenidae,1062500,habitat_coastal,demersal,110,NA,78789.14733314887,0.3921318233,4.06167096163355,Actinopteri,LC
28.536820161904778,Cynoscion analis,NA,Sciaenidae,12500,habitat_coastal,demersal,47,NA,24108.18213466556,0.5516308084,4.06,Actinopteri,LC
32.64518757301591,Cynoscion arenarius,NA,Sciaenidae,737500,habitat_coastal,demersal,63.5,NA,1093.045777853859,0.7898004068,4.17,Actinopteri,LC
30.354733885714303,Cynoscion guatucupa,NA,Sciaenidae,497500,habitat_coastal,benthopelagic,50,NA,12600.547216165818,0.546839108,3.7534203889708424,Actinopteri,NA
30.442680282539705,Cynoscion jamaicensis,NA,Sciaenidae,1850000,habitat_coastal,demersal,50,NA,16743.591449251377,0.6613780582,3.865511506302735,Actinopteri,LC
33.51338780634919,Cynoscion leiarchus,NA,Sciaenidae,1052500,habitat_coastal,demersal,90.8000030517578,NA,3205.040970861221,0.6465826861,3.136919243645427,Actinopteri,LC
42.76776976904762,Cynoscion regalis,NA,Sciaenidae,320000,habitat_coastal,demersal,98,NA,39327.358944619264,0.3312515854,3.77,Actinopteri,NA
31.022394776190474,Cynoscion striatus,NA,Sciaenidae,580000,habitat_reef,demersal,60,NA,93747.47505548631,0.5618836344,3.9,Actinopteri,NA
32.10552193333333,Cynoscion virescens,NA,Sciaenidae,722500,habitat_coastal,demersal,115,NA,1443.4946140869483,0.5618836344,4.0429891087449015,Actinopteri,LC
26.75713383968255,Cyttus traversi,NA,Cyttidae,1740000,habitat_deep,bathydemersal,54,NA,2574.854884717112,0.4313796504,3.949579844301656,Actinopteri,NA
40.87498319365085,Decapterus macrosoma,NA,Carangidae,14297500,pelagic,reef-associated,35,NA,3202.23399684667,1.339773422,3.454510742752459,Actinopteri,LC
36.312291015872994,Decapterus maruadsi,NA,Carangidae,9375000,pelagic,reef-associated,30,NA,146120.11257429922,1.47971252,3.454510742752459,Actinopteri,LC
43.661954452380996,Decapterus russelli,NA,Carangidae,11902500,pelagic,benthopelagic,45,NA,363773.9983787328,1.232939226,3.68,Actinopteri,LC
25.02172051428571,Dentex angolensis,NA,Sparidae,622500,habitat_coastal,demersal,37,NA,6022.0497969823045,0.4585515054,3.5666018600843525,Actinopteri,NT
27.972609028571437,Dentex congoensis,NA,Sparidae,485000,habitat_coastal,demersal,50,NA,910.5178360037736,0.5533071183,3.7440794625265177,Actinopteri,LC
39.273096147619086,Dentex dentex,NA,Sparidae,1307500,habitat_reef,benthopelagic,100,NA,13138.032800457237,0.2949348703,4.53,Actinopteri,VU
28.14887896666665,Dentex macrophthalmus,NA,Sparidae,2190000,habitat_coastal,benthopelagic,65,NA,4134.7596150924555,0.4597065312,3.5012153749740813,Actinopteri,LC
30.566375222222213,Diagramma pictum,NA,Haemulidae,11305000,habitat_reef,reef-associated,100,NA,13.09966938994991,0.5151275043,3.7,Actinopteri,NA
46.75275280952384,Diapterus auratus,NA,Gerreidae,2477500,habitat_coastal,demersal,42.79999923706055,NA,1378.245232699693,1.366610205,2.44,Actinopteri,LC
34.13703664444446,Diastobranchus capensis,NA,Synaphobranchidae,3097500,habitat_deep,bathydemersal,180,NA,2.752697054425135,0.3676394387,4.4820126516281515,Actinopteri,NA
26.64345820476189,Dicentrarchus punctatus,NA,Moronidae,1585000,habitat_coastal,pelagic-neritic,70,NA,1535.0806028887991,0.4926438381,3.958920770745981,Actinopteri,LC
56.342444047619026,Dicologlossa cuneata,NA,Soleidae,1607500,habitat_benthic,demersal,30,NA,33465.21926695536,0.2185335151,3.379783331197863,Actinopteri,LC
35.82613324444445,Diplodus annularis,NA,Sparidae,1425000,habitat_coastal,benthopelagic,27.5,NA,3757.532875600597,0.7810986882,3.64,Actinopteri,LC
56.502425111111066,Dissostichus eleginoides,NA,Nototheniidae,6025000,deep,pelagic-oceanic,215,NA,111783.52654729332,0.1073710892,4.49,Actinopteri,NA
30.331130584920654,Drepane africana,NA,Drepaneidae,545000,habitat_coastal,benthopelagic,45,NA,20718.22778612518,0.4778053462,3.1742829494227247,Actinopteri,LC
29.924573925396828,Drepane punctata,NA,Drepaneidae,9855000,habitat_coastal,reef-associated,50,NA,12343.764669263224,0.5373129007,3.379783331197863,Actinopteri,NA
36.953580623809515,Dussumieria acuta,NA,Dussumieriidae,3960000,habitat_coastal,pelagic-neritic,20,NA,166890.21838859704,0.8976476,3.454510742752459,Actinopteri,LC
36.309870315873006,Dussumieria elopsoides,NA,Dussumieriidae,9642500,habitat_coastal,pelagic-neritic,20,NA,749.7783262214878,0.7871766619,3.454510742752459,Actinopteri,LC
37.63538673650793,Elagatis bipinnulata,NA,Carangidae,15267500,pelagic,reef-associated,180,NA,55659.46335438233,0.8934282331,4.27,Actinopteri,LC
42.74830865873017,Eleginus gracilis,NA,Gadidae,3077500,habitat_coastal,demersal,55,NA,285654.00077195815,0.307311992,4.1,Actinopteri,NA
32.41993120634919,Eleginus nawaga,NA,Gadidae,195000,habitat_coastal,demersal,42,NA,17168.725563019118,0.37986791600000003,4.239148564075715,Actinopteri,NA
42.37022599523811,Eleutheronema tetradactylum,NA,Polynemidae,8010000,habitat_coastal,pelagic-neritic,200,NA,41062.71573387311,0.643974845,4.06,Actinopteri,NA
28.9877964904762,Elops lacerta,NA,Elopidae,542500,habitat_coastal,pelagic-neritic,100,NA,10312.448544756842,0.5936239074,4.239148564075715,Actinopteri,LC
32.024307628571385,Elops saurus,NA,Elopidae,7810000,habitat_coastal,reef-associated,100,NA,2233.495287384894,0.5736407895,3.49,Actinopteri,LC
38.8210439563492,Encrasicholina punctifer,NA,Engraulidae,8592500,pelagic,reef-associated,13,NA,1435.998699923841,1.630046044,3.29,Actinopteri,LC
48.42733422857147,Engraulis anchoita,NA,Engraulidae,967500,migratory,pelagic-neritic,17,NA,1175644.4519276852,0.6393820325,2.6231682892075807,Actinopteri,NT
64.39376202222215,Eopsetta jordani,NA,Pleuronectidae,1140000,habitat_benthic,demersal,53,NA,46749.37248604061,0.11254773530000001,4.108375593855172,Actinopteri,LC
50.416416544444424,Epigonus telescopus,NA,Epigonidae,8827500,habitat_deep,bathydemersal,75,NA,13691.589192607922,0.09728600393,3.59,Actinopteri,LC
50.4573332111111,Epinephelus aeneus,NA,Serranidae,1792500,migratory,demersal,120,NA,5733.711363129371,0.1732253225,4.033648182300576,Actinopteri,NT
39.15809811111116,Epinephelus chlorostigma,NA,Serranidae,13235000,habitat_coastal,reef-associated,80,NA,363.1224698502327,0.314979131,4.0056254029676035,Actinopteri,LC
33.86027260000002,Epinephelus fuscoguttatus,NA,Serranidae,9805000,habitat_reef,reef-associated,120,NA,144.58381318848194,0.2696014107,4.14573929963247,Actinopteri,VU
49.41437008333332,Epinephelus goreensis,NA,Serranidae,562500,habitat_benthic,demersal,140,NA,641.958191034673,0.2867601077,3.958920770745981,Actinopteri,NT
34.67757052777781,Epinephelus morrhua,NA,Serranidae,9242500,habitat_reef,reef-associated,90,NA,204.50170432792785,0.2709806267,3.986943550078954,Actinopteri,LC
37.347141838888916,Epinephelus multinotatus,NA,Serranidae,615000,habitat_reef,reef-associated,100,NA,3257.8734626243277,0.2729522832,3.884193359191384,Actinopteri,LC
52.8768585079365,Epinephelus polylepis,NA,Serranidae,1007500,habitat_benthic,demersal,61,NA,2055.955937180372,0.2814087547,3.89,Actinopteri,LC
39.78773094444448,Epinephelus summana,NA,Serranidae,345000,habitat_reef,reef-associated,52,NA,154.74955828383517,0.2867601077,3.89,Actinopteri,LC
52.79401611111103,Eptatretus cirrhatus,NA,Myxinidae,1312500,habitat_benthic,bathydemersal,97,NA,1765.1806433137929,0.14925158,4.949058973844375,Myxini,LC
38.78619663412701,Ethmalosa fimbriata,NA,Clupeidae,467500,habitat_coastal,pelagic-neritic,46,NA,391365.8494629845,0.6908303225,2.5764636926187627,Actinopteri,LC
42.46396411904766,Ethmidium maculatum,NA,Clupeidae,310000,habitat_coastal,pelagic-neritic,31.200000762939453,NA,32220.378392043676,1.165208538,2.07,Actinopteri,DD
33.695063831746026,Etrumeus whiteheadi,NA,Dussumieriidae,227500,habitat_coastal,pelagic-neritic,22,NA,402624.5556677861,0.4238495581,3.454510742752459,Actinopteri,LC
32.98945594444443,Euthynnus affinis,NA,Scombridae,14720000,pelagic,pelagic-neritic,100,NA,2460508.9375152444,0.6308334135,4.5,Actinopteri,LC
27.183521324603184,Euthynnus lineatus,NA,Scombridae,477500,pelagic,pelagic-oceanic,84,NA,15997.525949105058,0.5161323086,3.856170508592798,Actinopteri,LC
55.316651924603136,Eutrigla gurnardus,NA,Triglidae,2227500,habitat_benthic,demersal,60,NA,147714.14684028176,0.181531455,3.87,Actinopteri,NA
35.144509560317516,Fistularia corneta,NA,Fistulariidae,792500,habitat_reef,pelagic-neritic,106,NA,2562.3175791475433,0.8585337032,4.4820126516281515,Actinopteri,LC
37.48686894285712,Gadiculus argenteus,NA,Gadidae,1740000,habitat_deep,pelagic-oceanic,15.25,NA,159.7449862704669,0.9170866856,3.6,Actinopteri,NA
47.69530642380952,Gadus macrocephalus,NA,Gadidae,2920000,habitat_deep,demersal,119,NA,1100617.3581635745,0.2548222923,3.97,Actinopteri,NA
35.51666297301587,Galeoides decadactylus,NA,Polynemidae,197500,habitat_coastal,demersal,50,NA,44470.1574983306,0.50957181519999994,3.613306492305975,Actinopteri,NT
41.027342044444424,Gasterochisma melampus,NA,Scombridae,63335000,deep,pelagic-oceanic,164,NA,20.80741126273528,0.5965182234,4.341898754963284,Actinopteri,LC
41.59549947936503,Genyonemus lineatus,NA,Sciaenidae,135000,habitat_benthic,benthopelagic,41,NA,822.3303961893151,0.6246151211,3.4825335220854328,Actinopteri,NT
56.68640933333328,Genypterus blacodes,NA,Ophidiidae,2330000,habitat_benthic,bathydemersal,200,NA,209832.9261086881,0.1308780432,4.183103005409768,Actinopteri,NA
49.36957740952373,Genypterus capensis,NA,Ophidiidae,127500,habitat_benthic,bathydemersal,180,NA,24613.76694431495,0.1821406699,4.425967092962205,Actinopteri,NA
49.28743458730153,Genypterus chilensis,NA,Ophidiidae,125000,habitat_benthic,bathydemersal,150,NA,22836.358975755986,0.2034163154,3.9402389178573314,Actinopteri,NA
51.948261064285695,Gerres nigri,NA,Gerreidae,572500,habitat_benthic,benthopelagic,20,NA,1825.975119143567,1.495810086,3.258351287421645,Actinopteri,LC
35.72425065873011,Gerres oblongus,NA,Gerreidae,9027500,habitat_reef,reef-associated,30,NA,14.317325575246857,1.495810086,3.5479200071957036,Actinopteri,LC
36.669511997619004,Gerres oyena,NA,Gerreidae,8420000,habitat_coastal,reef-associated,30,NA,563.1579604100426,1.594337758,2.819327744538395,Actinopteri,LC
36.505744138888886,Glossanodon semifasciatus,NA,Argentinidae,532500,pelagic,benthopelagic,21,NA,67613.9722499833,0.5186609636,3.2116466552000227,Actinopteri,NA
62.06826834365076,Glyptocephalus cynoglossus,NA,Pleuronectidae,3570000,habitat_benthic,demersal,60,NA,64040.31604992252,0.1498201538,3.17,Actinopteri,NA
58.775440290476176,Glyptocephalus zachirus,NA,Pleuronectidae,1320000,habitat_benthic,demersal,60,NA,23361.490952600205,0.1865458848,3.25,Actinopteri,NA
33.8977854015873,Gnathanodon speciosus,NA,Carangidae,13205000,habitat_reef,reef-associated,120,NA,5597.4384882991935,0.7060493846,3.865511506302735,Actinopteri,LC
43.21965803968246,Grammoplites suppositus,NA,Platycephalidae,1385000,habitat_benthic,demersal,31,NA,144.21681108889783,0.4214210503,3.84,Actinopteri,LC
41.03592715555553,Gymnosarda unicolor,NA,Scombridae,12880000,pelagic,reef-associated,247.97999572753903,NA,2718.783662226001,0.5965182234,4.4820126516281515,Actinopteri,LC
51.202015777777696,Harpadon nehereus,NA,Synodontidae,7832500,habitat_benthic,benthopelagic,40,NA,1686496.5411288124,0.4522199918,4.089693740966523,Actinopteri,NA
57.44783431587295,Helicolenus dactylopterus,NA,Sebastidae,11510000,habitat_benthic,bathydemersal,50,NA,118996.26517762872,0.1493212915,3.54,Actinopteri,LC
37.89459970158732,Hemiramphus balao,NA,Hemiramphidae,2820000,pelagic,reef-associated,40,NA,65.16240182092822,0.8891016657,3.85,Actinopteri,LC
40.220496417460346,Hemiramphus brasiliensis,NA,Hemiramphidae,2202500,habitat_coastal,reef-associated,55,NA,6751.508337251583,0.7472244346,2.28,Actinopteri,LC
33.65402706349196,Herklotsichthys quadrimaculatus,NA,Clupeidae,9417500,habitat_coastal,reef-associated,25,NA,44.004551962590575,1.740456307,3.57,Actinopteri,LC
39.622741733333335,Hexagrammos decagrammus,NA,Hexagrammidae,1112500,habitat_reef,demersal,61,NA,481.14676030663554,0.3408523418,3.631988265020809,Actinopteri,NA
40.47179820158729,Hilsa kelee,NA,Clupeidae,6355000,habitat_coastal,pelagic-neritic,35,NA,59083.71456428854,1.080199315,2.940759788314613,Actinopteri,NA
56.82021064523806,Hippoglossoides elassodon,NA,Pleuronectidae,277500,habitat_benthic,demersal,52,NA,2483813.4651043043,0.1797748109,3.67,Actinopteri,NA
55.71152255555548,Hippoglossoides platessoides,NA,Pleuronectidae,4190000,habitat_benthic,demersal,82.5999984741211,NA,139541.6729962515,0.1450003553,4.08,Actinopteri,NA
59.321749655555514,Hippoglossus hippoglossus,NA,Pleuronectidae,5017500,habitat_benthic,demersal,470,NA,73314.44158807241,0.1185026103,4,Actinopteri,EN
30.565204581746016,Hoplostethus atlanticus,NA,Trachichthyidae,9397500,sedentary,bathypelagic,75,NA,24191.11096882152,0.1611654923,4.25,Actinopteri,NA
56.03656826904758,Hydrolagus novaezealandiae,NA,Chimaeridae,645000,deep,bathydemersal,96,NA,74948.21148917518,0.1917834157,3.5666018600843525,Holocephali,LC
36.61847433650795,Hyperoglyphe antarctica,NA,Centrolophidae,2662500,habitat_reef,benthopelagic,140,NA,13510.435230581385,0.1805003287,3.968261697190305,Actinopteri,NA
52.37878844761899,Hyporthodus flavolimbatus,NA,Serranidae,2205000,habitat_benthic,demersal,115,NA,8566.799219989503,0.175094567,3.846829653414087,Actinopteri,VU
35.19541513333335,Hyporthodus mystacinus,NA,Serranidae,1890000,habitat_deep,bathydemersal,160,NA,30.083619608034695,0.192928912,4.58,Actinopteri,LC
44.74152937777778,Hyporthodus nigritus,NA,Serranidae,2572500,habitat_reef,demersal,230,NA,245.85665135556928,0.138991562,3.986943550078954,Actinopteri,NT
39.13375460000002,Hyporthodus niveatus,NA,Serranidae,2735000,habitat_reef,demersal,122,NA,4588.700078947203,0.165514413,4.052330035189225,Actinopteri,VU
38.82053923492065,Ilisha africana,NA,Pristigasteridae,425000,habitat_coastal,pelagic-neritic,30,NA,77979.82002749661,1.109770194,3.59,Actinopteri,LC
44.053916638095224,Ilisha elongata,NA,Pristigasteridae,2587500,habitat_coastal,pelagic-neritic,60,NA,596680.1310566297,0.9740023402,3.8188068740811136,Actinopteri,LC
33.316908362698435,Isacia conceptionis,NA,Haemulidae,300000,habitat_coastal,benthopelagic,60,NA,12174.16282054527,0.654886592,2.99680534698056,Actinopteri,LC
29.454553165079368,Isopisthus parvipinnis,NA,Sciaenidae,742500,habitat_coastal,demersal,41.5,NA,217.5803873602381,0.6246151211,4.04,Actinopteri,LC
37.97876546349205,Istiompax indica,NA,Istiophoridae,171002500,hms,pelagic-oceanic,465,NA,40942.50606087731,0.361545431,4.5,Actinopteri,DD
33.24648837777778,Istiophorus albicans,NA,Istiophoridae,18742500,hms,pelagic-oceanic,315,NA,3939.5692179131056,0.5775285653,4.5,Actinopteri,NA
33.18566012222222,Joturus pichardi,NA,Mugilidae,587500,habitat_coastal,pelagic-neritic,61,NA,2036.1753966180445,0.6364147225,2.99680534698056,Actinopteri,NA
36.598134333333334,Kajikia albida,NA,Istiophoridae,48362500,hms,pelagic-oceanic,300,NA,12797.196457542876,0.387272323,4.49,Actinopteri,VU
45.95007352222219,Kajikia audax,NA,Istiophoridae,157757500,pelagic,pelagic-oceanic,420,NA,42349.00065408192,0.347408374,4.4820126516281515,Actinopteri,NT
33.48243405555556,Kathetostoma giganteum,NA,Uranoscopidae,747500,sedentary,demersal,90,NA,4247.640989352842,0.2862765481,4.211125784742741,Actinopteri,NA
39.15151841111109,Konosirus punctatus,NA,Clupeidae,495000,habitat_coastal,pelagic-neritic,32,NA,134189.83957464725,0.792958456,3.0248281263135333,Actinopteri,LC
35.13228496825398,Lactarius lactarius,NA,Lactariidae,10862500,habitat_coastal,pelagic-neritic,40,NA,71361.18438762854,0.8941727712,4.17,Actinopteri,NA
43.09462737777775,Lampris guttatus,NA,Lampridae,271130000,pelagic,bathypelagic,200,NA,2613.572654783526,0.6052573274,4.220466711187066,Actinopteri,LC
36.000779607936494,Larimichthys crocea,NA,Sciaenidae,1287500,habitat_coastal,benthopelagic,80,NA,464679.6398047916,0.601331042,3.7534203889708424,Actinopteri,NA
36.33459921031744,Larimichthys polyactis,NA,Sciaenidae,982500,habitat_coastal,benthopelagic,40,NA,3116786.6233332306,0.5467922171,3.72,Actinopteri,NA
29.11448027142855,Larimus breviceps,NA,Sciaenidae,1682500,habitat_coastal,demersal,31,NA,1092.6893174085485,0.7168332183,3.52,Actinopteri,LC
42.08585505952383,Lateolabrax japonicus,NA,Lateolabracidae,1177500,habitat_reef,reef-associated,102,NA,104691.82106791934,0.2803797632,3.1,Actinopteri,NA
45.08464348888885,Lates calcarifer,NA,Latidae,8162500,habitat_coastal,demersal,200,NA,495833.81806370174,0.7074439847,3.856170508592798,Actinopteri,NA
35.4256266214286,Leiostomus xanthurus,NA,Sciaenidae,980000,habitat_coastal,demersal,36,NA,17575.356999470037,0.7664319991,3.23,Actinopteri,LC
45.73960912777777,Lepidocybium flavobrunneum,NA,Gempylidae,14260000,migratory,benthopelagic,200,NA,2435.848754289677,0.4159568603,4.33255782851896,Actinopteri,LC
51.512094123015864,Lepidonotothen squamifrons,NA,Nototheniidae,995000,habitat_benthic,benthopelagic,55,NA,171.421402950568,0.233506431,3.5385790807513793,Actinopteri,NA
58.078369815872975,Lepidopsetta bilineata,NA,Pleuronectidae,2527500,habitat_benthic,demersal,58,NA,2016952.0529908647,0.1742897968,3.18,Actinopteri,NA
48.26941254920633,Lepidopus caudatus,NA,Trichiuridae,3607500,habitat_deep,benthopelagic,210,NA,223407.6131231262,0.2925135589,3.82,Actinopteri,DD
43.17828239523802,Lepidorhombus boscii,NA,Scophthalmidae,1817500,habitat_benthic,demersal,40,NA,5157.681724637808,0.5125713724,3.74,Actinopteri,NA
43.38751411111108,Lepidorhombus whiffiagonis,NA,Scophthalmidae,1412500,habitat_benthic,bathydemersal,60,NA,1993.6433046056131,0.4433009646,4.34,Actinopteri,NA
42.69375237936509,Lepidorhynchus denticulatus,NA,Macrouridae,1452500,habitat_deep,bathypelagic,55,NA,38250.58066595553,0.1761418489,3.70671575674922,Actinopteri,NA
27.14498488095238,Lethrinus atlanticus,NA,Lethrinidae,447500,habitat_reef,reef-associated,50,NA,599.9491201580225,0.4295830952,3.5852837129730015,Actinopteri,LC
27.867132704761897,Lethrinus borbonicus,NA,Lethrinidae,2240000,habitat_reef,reef-associated,40,NA,1859.1236494985203,0.6362460078,3.519897254587335,Actinopteri,NA
33.736079825396814,Lethrinus lentjan,NA,Lethrinidae,11545000,habitat_reef,reef-associated,52,NA,52998.41670862862,0.4280745239,3.94,Actinopteri,LC
40.968766315873054,Lethrinus mahsena,NA,Lethrinidae,2142500,habitat_reef,reef-associated,65,NA,3394.310691614168,0.3224041932,3.482533584442844,Actinopteri,NA
28.958988022222236,Lethrinus microdon,NA,Lethrinidae,11337500,habitat_reef,reef-associated,80,NA,631.1027782757658,0.4047581611,3.8188068740811136,Actinopteri,LC
42.67718080476191,Lichia amia,NA,Carangidae,4077500,habitat_coastal,pelagic-neritic,200,NA,6692.697819321468,0.934625792,4.5,Actinopteri,LC
54.676876061904714,Limanda aspera,NA,Pleuronectidae,2760000,habitat_benthic,demersal,49,NA,1106957.1525234184,0.1957973834,3.49,Actinopteri,NA
59.03199680873014,Limanda ferruginea,NA,Pleuronectidae,1120000,habitat_benthic,demersal,64,NA,89150.52797178671,0.3265083317,3.28,Actinopteri,NA
49.54952271746028,Limanda limanda,NA,Pleuronectidae,1395000,habitat_benthic,demersal,40,NA,97722.6305487873,0.4611844334,3,Actinopteri,LC
28.283360317460335,Lithognathus mormyrus,NA,Sparidae,2035000,habitat_reef,demersal,55,NA,15943.68564010712,0.5170224869,3.473192595641108,Actinopteri,LC
52.197281177777725,Lophius americanus,NA,Lophiidae,1295000,habitat_benthic,demersal,120,NA,81159.26437793544,0.3429180367,4.51,Actinopteri,NA
43.40314348888886,Lophius budegassa,NA,Lophiidae,2537500,habitat_benthic,bathydemersal,100,NA,219.2480968119578,0.4025943825,4.41,Actinopteri,DD
52.03890757777776,Lophius gastrophysus,NA,Lophiidae,3115000,habitat_benthic,bathydemersal,60,NA,26440.60164083124,0.4249217984,4.49,Actinopteri,LC
50.65968217777772,Lophius piscatorius,NA,Lophiidae,3087500,habitat_benthic,bathydemersal,200,NA,106902.56453707334,0.3940219038,4.45,Actinopteri,LC
44.308047280952344,Lophius vomerinus,NA,Lophiidae,360000,habitat_benthic,bathydemersal,100,NA,9136.972609747305,0.4464572867,4.444648945850854,Actinopteri,NT
40.33248566666668,Lutjanus argentimaculatus,NA,Lutjanidae,13092500,habitat_reef,reef-associated,150,NA,81911.08824773696,0.3459135583,3.58,Actinopteri,LC
30.151858611111095,Lutjanus bohar,NA,Lutjanidae,12705000,habitat_reef,reef-associated,90,NA,2388.1020022486455,0.4029425875,4.27,Actinopteri,LC
38.32891147777777,Lutjanus johnii,NA,Lutjanidae,11712500,habitat_reef,reef-associated,97,NA,40553.99237281893,0.3650005125,4.2,Actinopteri,LC
38.928412822222256,Lutjanus malabaricus,NA,Lutjanidae,10885000,habitat_reef,reef-associated,100,NA,2714.095459260795,0.2999894485,4.48,Actinopteri,NA
39.2917151777778,Lutjanus peru,NA,Lutjanidae,502500,habitat_reef,reef-associated,95,NA,3033.7221693601987,0.2685980965,4.033648182300576,Actinopteri,LC
48.35374909285718,Lutjanus purpureus,NA,Lutjanidae,1527500,habitat_reef,demersal,100,NA,50541.724099307605,0.307978176,3.58,Actinopteri,NA
37.2866487539683,Lutjanus quinquelineatus,NA,Lutjanidae,9740000,habitat_reef,reef-associated,38,NA,1784.8847764668474,0.3268468686,3.68,Actinopteri,LC
37.20471873174606,Lutjanus vivanus,NA,Lutjanidae,2635000,habitat_reef,reef-associated,83,NA,230.31720427819644,0.2516529331,3.09,Actinopteri,LC
35.99894934285716,Macrodon ancylodon,NA,Sciaenidae,1177500,habitat_coastal,demersal,45,NA,49574.92160622682,0.6174178195,3.9215570649686824,Actinopteri,LC
49.067033996825344,Macrourus berglax,NA,Macrouridae,2517500,habitat_deep,benthopelagic,110,NA,11489.685236170826,0.08775209932,3.8374887269697626,Actinopteri,NA
49.374824608730115,Macrourus carinatus,NA,Macrouridae,1895000,habitat_deep,bathydemersal,100,NA,51584.77012954755,0.1309087931,3.7347385360821934,Actinopteri,NA
45.848710784127,Macrourus whitsoni,NA,Macrouridae,31287500,habitat_deep,bathypelagic,84,NA,787.815681114854,0.1309087931,3.5198972278627303,Actinopteri,NA
44.751290044444424,Malacanthus plumieri,NA,Malacanthidae,2252500,habitat_benthic,reef-associated,70,NA,4.481635118637359,0.4016391233,3.71,Actinopteri,LC
32.99592378253967,Megalaspis cordyla,NA,Carangidae,10982500,pelagic,reef-associated,80,NA,323579.9363906359,0.8554728179,3.930897991413007,Actinopteri,LC
38.92015027619049,Megalops cyprinoides,NA,Megalopidae,11922500,habitat_coastal,benthopelagic,150,NA,12359.305328334032,0.2196311142,3.48,Actinopteri,DD
33.25884278571428,Mene maculata,NA,Menidae,6955000,habitat_reef,reef-associated,30,NA,161394.35808136477,0.6813727153,3.5012153749740813,Actinopteri,NA
27.567047917460346,Menticirrhus littoralis,NA,Sciaenidae,2402500,habitat_coastal,demersal,48.29999923706055,NA,7736.086231566708,0.5524219705,3.92,Actinopteri,LC
28.165290817460324,Menticirrhus saxatilis,NA,Sciaenidae,1627500,habitat_coastal,demersal,46,NA,390.5033420267373,0.4978805021,3.56,Actinopteri,LC
30.746150278571427,Merlangius merlangus,NA,Gadidae,2155000,migratory,benthopelagic,91.5,NA,283963.7216050868,0.3962825946,4.36,Actinopteri,LC
35.71869355555558,Merluccius albidus,NA,Merlucciidae,1745000,pelagic,bathydemersal,40.599998474121094,NA,93.99764123731508,0.3653283162,3.43,Actinopteri,LC
56.265019738888874,Merluccius australis,NA,Merlucciidae,1232500,migratory,benthopelagic,155,NA,458081.84227559145,0.05642528517,4.435308019406529,Actinopteri,NA
39.340083499999984,Merluccius bilinearis,NA,Merlucciidae,925000,migratory,demersal,76,NA,492540.18622836866,0.1541903885,4.49,Actinopteri,NT
69.73397761111113,Merluccius capensis,NA,Merlucciidae,535000,migratory,bathydemersal,140,NA,5521057.482983036,0.1379804558,3.9028752120800334,Actinopteri,LC
45.42632497222222,Merluccius hubbsi,NA,Merlucciidae,1412500,migratory,benthopelagic,95,NA,4226135.199459606,0.2270290358,4.2298076376313904,Actinopteri,NA
34.48362057301588,Merluccius merluccius,NA,Merlucciidae,2487500,habitat_deep,demersal,140,NA,185465.22040752383,0.3102695939,4.42,Actinopteri,LC
32.92391412698414,Merluccius polli,NA,Merlucciidae,630000,habitat_deep,bathydemersal,80,NA,13025.879475191525,0.2342693256,4.4820126516281515,Actinopteri,LC
29.480635583333314,Merluccius senegalensis,NA,Merlucciidae,47500,migratory,demersal,81,NA,301939.40710524854,0.1963140637,4.4820126516281515,Actinopteri,EN
37.053457580158714,Meuschenia scaber,NA,Monacanthidae,1115000,habitat_coastal,demersal,31,NA,1370.926442519599,1.031915321,3.11,Actinopteri,LC
28.136319434920622,Microgadus tomcod,NA,Gadidae,632500,habitat_coastal,demersal,38.099998474121094,NA,1410.1314898164871,0.4610775695,3.8374887269697626,Actinopteri,LC
59.174938863492024,Micromesistius australis,NA,Gadidae,1522500,migratory,benthopelagic,90,NA,1601295.2031662434,0.1388349087,3.398465184086512,Actinopteri,NA
36.18331935476187,Micropogonias furnieri,NA,Sciaenidae,2195000,habitat_coastal,demersal,60,NA,227203.51952617016,0.5413105935,3.09,Actinopteri,LC
37.65907526507938,Micropogonias undulatus,NA,Sciaenidae,2317500,habitat_coastal,demersal,55,NA,44582.670973201086,0.8737827759,4.014966329411927,Actinopteri,LC
63.9854543380952,Microstomus kitt,NA,Pleuronectidae,1532500,habitat_benthic,demersal,65,NA,286647.362142445,0.1210552497,3.277033140310294,Actinopteri,NA
66.98803449841267,Microstomus pacificus,NA,Pleuronectidae,1172500,habitat_benthic,demersal,76,NA,565172.0037061118,0.08952898292,3.22,Actinopteri,NA
35.67409911746028,Miichthys miiuy,NA,Sciaenidae,870000,habitat_coastal,demersal,70,NA,254347.1253664004,0.5621381244,3.5479200071957036,Actinopteri,NA
54.109157999999944,Molva dypterygia,NA,Lotidae,2642500,habitat_benthic,demersal,155,NA,190950.5941610283,0.1223609704,4.49,Actinopteri,NA
57.46982066666659,Molva molva,NA,Lotidae,1615000,habitat_benthic,demersal,200,NA,1109512.4349048606,0.1116470263,4.4,Actinopteri,NA
53.38755738095234,Mora moro,NA,Moridae,56435000,deep,bathypelagic,80,NA,10677.45905092554,0.1464674313,3.781443168303816,Actinopteri,LC
53.812282781746006,Mugil cephalus,NA,Mugilidae,15862500,habitat_coastal,benthopelagic,100,NA,609274.3720338052,0.2772578985,2.5951455098746075,Actinopteri,LC
36.1153030531746,Mugil curema,NA,Mugilidae,5337500,habitat_coastal,reef-associated,91,NA,5777.702193166262,0.5197554148,2.01,Actinopteri,LC
35.17740677222225,Mugil liza,NA,Mugilidae,2622500,migratory,demersal,80,NA,12098.991191203795,0.477722143,2.146781040547033,Actinopteri,DD
46.10149565873008,Mullus argentinae,NA,Mullidae,310000,habitat_benthic,demersal,30,NA,600.9696229968476,0.7768645571,3.5012153749740813,Actinopteri,NA
43.897142407142816,Mullus barbatus,NA,Mullidae,727500,habitat_benthic,demersal,38.20000076293945,NA,3400.6033922456145,0.68,3.14,Actinopteri,NA
49.249339844444364,Muraenesox cinereus,NA,Muraenesocidae,6977500,sedentary,demersal,220,NA,4874752.990185187,0.4092293866,4.369921534296258,Actinopteri,NA
33.563756800000014,Mycteroperca phenax,NA,Serranidae,1627500,habitat_reef,reef-associated,107,NA,154.06613087272257,0.2155957303,4.47,Actinopteri,DD
32.494170987301565,Naucrates ductor,NA,Carangidae,23690000,pelagic,reef-associated,70,NA,67.96813996069108,1.064734154,3.4638516691967842,Actinopteri,LC
42.24166690000002,Nematalosa nasus,NA,Clupeidae,3562500,habitat_coastal,pelagic-neritic,25.5,NA,1490.2736895401838,1.124180083,2.342940495877847,Actinopteri,LC
60.80191857936505,Nemipterus japonicus,NA,Nemipteridae,7565000,habitat_benthic,demersal,32,NA,31278.90158085718,1.261848147,4.127057446743821,Actinopteri,NA
50.12843893492057,Nemipterus virgatus,NA,Nemipteridae,5732500,habitat_benthic,demersal,35,NA,22906.758694145225,0.9571447577,4.0056254029676035,Actinopteri,VU
38.2012421904762,Normanichthys crockeri,NA,Normanichthyidae,267500,habitat_coastal,demersal,11,NA,260047.47537172944,0.4594781927,2.847350523871368,Actinopteri,NA
40.92840120634919,Oncorhynchus gorbuscha,NA,Salmonidae,3357500,migratory,demersal,76,NA,5986072.753663547,0.4915202212,4.49,Actinopteri,NA
60.558571438888904,Oncorhynchus keta,NA,Salmonidae,2395000,migratory,benthopelagic,100,NA,1232214.4678815864,0.3322358848,3.74,Actinopteri,NA
35.218166544444415,Oncorhynchus kisutch,NA,Salmonidae,2657500,migratory,pelagic,107.9499969482422,NA,180864.23201604743,0.52822829,4.183103005409768,Actinopteri,NA
29.129494435714292,Oncorhynchus masou,NA,Salmonidae,1050000,migratory,benthopelagic,79,NA,11650.483606557376,0.488,3.641329271638949,Actinopteri,NA
50.14816212142859,Oncorhynchus nerka,NA,Salmonidae,1905000,migratory,pelagic-oceanic,84,NA,1750038.607698542,0.3433421442,3.54,Actinopteri,LC
33.713376755555544,Oncorhynchus tshawytscha,NA,Salmonidae,2962500,migratory,benthopelagic,150,NA,78870.36652399682,0.4915202212,4.4,Actinopteri,NA
44.34066233492065,Opisthonema libertate,NA,Clupeidae,520000,habitat_coastal,pelagic-neritic,30,NA,579556.2461301138,0.7010942712,2.978123494091911,Actinopteri,LC
24.001780333333336,Orcynopsis unicolor,NA,Scombridae,2472500,hms,pelagic-neritic,130,NA,3446.1579200096567,0.5965182234,4.4820126516281515,Actinopteri,LC
49.012466015873,Osmerus eperlanus,NA,Osmeridae,1180000,habitat_coastal,pelagic-neritic,45,NA,203386.20593453397,0.09454782792,3.5105563370512125,Actinopteri,LC
55.811819386507935,Osmerus mordax,NA,Osmeridae,6640000,habitat_coastal,pelagic-oceanic,35.599998474121094,NA,48591.98410305448,0.08775513243,3,Actinopteri,NA
40.453488271428576,Otolithes ruber,NA,Sciaenidae,8637500,habitat_coastal,benthopelagic,90,NA,75651.61393967202,0.865438668,3.6,Actinopteri,NA
28.377310530158734,Pagellus acarne,NA,Sparidae,2185000,habitat_reef,benthopelagic,36,NA,12714.685683513932,0.4782227537,3.81,Actinopteri,LC
31.487906915873022,Pagellus bellottii,NA,Sparidae,717500,habitat_reef,demersal,42,NA,22277.507524003337,0.6779671372,3.641329271638949,Actinopteri,LC
36.75082099206351,Pagellus bogaraveo,NA,Sparidae,2387500,habitat_reef,benthopelagic,70,NA,14240.124728955876,0.3179967933,4.21,Actinopteri,NT
28.184067412698422,Pagellus erythrinus,NA,Sparidae,2127500,habitat_reef,benthopelagic,60,NA,19205.769084466792,0.4673104191,3.48,Actinopteri,LC
34.60759368809522,Pampus argenteus,NA,Stromateidae,7610000,habitat_coastal,benthopelagic,60,NA,220639.92650773033,0.6662192937,3.3,Actinopteri,NA
55.59137529999997,Paralabrax humeralis,NA,Serranidae,862500,habitat_benthic,benthopelagic,54.5,NA,36474.703729053705,0.2749893755,4.12,Actinopteri,DD
43.34156000952379,Paralichthys californicus,NA,Paralichthyidae,375000,habitat_benthic,demersal,152,NA,215.86776109267043,0.6863461188,4.4820126516281515,Actinopteri,LC
36.80690002380957,Paralonchurus peruanus,NA,Sciaenidae,150000,habitat_coastal,demersal,51,NA,21622.185476739018,0.6246151211,2.17,Actinopteri,LC
29.04782739523812,Parapercis colias,NA,Pinguipedidae,465000,habitat_coastal,demersal,45,NA,11421.445123492516,0.4470646179,3.89,Actinopteri,LC
39.035292897619065,Parastromateus niger,NA,Carangidae,11080000,habitat_coastal,reef-associated,75,NA,170627.18396386117,1.069770735,3.01548726222662,Actinopteri,LC
43.192231623809484,Paristiopterus labiosus,NA,Pentacerotidae,827500,habitat_benthic,demersal,100,NA,55.24076795543271,0.5663208742,3.33,Actinopteri,NA
34.59262704444444,Parona signata,NA,Carangidae,365000,habitat_coastal,demersal,60,NA,3739.2762214719623,0.934625792,3.454510742752459,Actinopteri,NA
49.36764679523801,Patagonotothen ramsayi,NA,Nototheniidae,1027500,deep,benthopelagic,44,NA,443616.74558890925,0.4714203557,3.5385790807513793,Actinopteri,NA
51.421091958730116,Pegusa lascaris,NA,Soleidae,2572500,habitat_benthic,demersal,40,NA,4141.827963790647,0.191168732,3.29,Actinopteri,LC
35.94956594285713,Pelates quadrilineatus,NA,Terapontidae,10432500,habitat_coastal,reef-associated,30,NA,25.39081751876023,0.8141525961,3.59,Actinopteri,NA
43.08630871587306,Pennahia anea,NA,Sciaenidae,4990000,habitat_coastal,demersal,30,NA,22525.35337489607,1.31363675,4.0056254029676035,Actinopteri,NA
36.578683579365084,Pennahia argentata,NA,Sciaenidae,1032500,habitat_coastal,benthopelagic,40,NA,27970.055077192308,0.804667561,4.06,Actinopteri,NA
44.341899753968235,Pentaceros richardsoni,NA,Pentacerotidae,3077500,habitat_benthic,pelagic-oceanic,56,NA,854.338000313279,0.392870269,3.5479200071957036,Actinopteri,NA
29.693546285714298,Pentanemus quinquarius,NA,Polynemidae,650000,habitat_coastal,demersal,35,NA,16110.929309359151,0.6870123869,3.6039655658616505,Actinopteri,VU
36.22635179682538,Peprilus paru,NA,Stromateidae,2995000,habitat_coastal,benthopelagic,30,NA,1395.855099114178,0.9114069224,4.5,Actinopteri,LC
33.04389876190474,Peprilus triacanthus,NA,Stromateidae,1105000,pelagic,benthopelagic,30,NA,108500.42933587686,0.7003364177,3.91,Actinopteri,NA
34.27587626984127,Percophis brasiliensis,NA,Percophidae,1072500,habitat_coastal,demersal,53.29999923706055,NA,71909.8755296277,0.2577946334,4.173762078965444,Actinopteri,NA
44.521773922222245,Petromyzon marinus,NA,Petromyzontidae,2705000,migratory,demersal,120,NA,416.34532768693686,0.2916809483,4.360580500953514,Petromyzonti,LC
47.389331122222195,Petrus rupestris,NA,Sparidae,70000,migratory,demersal,200,NA,86.4518477229189,0.257114227,4.4820126516281515,Actinopteri,EN
37.23935473888889,Phycis blennoides,NA,Phycidae,3255000,migratory,benthopelagic,110,NA,10835.792767223104,0.3973796927,3.697374830304895,Actinopteri,NA
44.44596160317455,Phycis phycis,NA,Phycidae,1815000,habitat_benthic,benthopelagic,65,NA,9656.663803121824,0.5122410908,4.25,Actinopteri,LC
43.10764180952379,Plagiogeneion rubiginosum,NA,Emmelichthyidae,1440000,deep,bathydemersal,60,NA,3246.2260320436303,0.4673229729,3.454510742752459,Actinopteri,NA
57.2237119468254,Platichthys flesus,NA,Pleuronectidae,1830000,habitat_benthic,demersal,60,NA,148911.2792035922,0.3401482834,3.32,Actinopteri,LC
52.25296188095237,Platichthys stellatus,NA,Pleuronectidae,3655000,habitat_benthic,demersal,91,NA,6321.604415181406,0.256053141,3.58,Actinopteri,LC
52.298775869841165,Platycephalus indicus,NA,Platycephalidae,11915000,habitat_benthic,reef-associated,100,NA,56660.62260416675,0.4787213898,3.6,Actinopteri,DD
26.901085166666675,Plectorhinchus gaterinus,NA,Haemulidae,2390000,habitat_reef,reef-associated,50,NA,674.6529053619145,0.4471099103,4.0056254029676035,Actinopteri,NA
55.07131505555558,Plectorhinchus mediterraneus,NA,Haemulidae,890000,habitat_benthic,demersal,80,NA,1699.85912557701,0.2945702926,3.5385790807513793,Actinopteri,DD
39.25437499444447,Plectorhinchus pictus,NA,Haemulidae,12412500,habitat_reef,reef-associated,83,NA,47.91353679765915,0.2886031991,3.85,Actinopteri,NA
28.968426000000004,Plectorhinchus schotaf,NA,Haemulidae,10495000,habitat_reef,reef-associated,80,NA,420.8092812654437,0.4471099103,3.6333333333333337,Actinopteri,NA
27.622344911111096,Plectorhinchus sordidus,NA,Haemulidae,1287500,habitat_reef,reef-associated,60,NA,81.9268712247662,0.5496609272,4.0056254029676035,Actinopteri,NA
33.36333784444444,Plectropomus pessuliferus,NA,Serranidae,8977500,habitat_reef,reef-associated,120,NA,1961.3402253988888,0.3217269456,4.42,Actinopteri,LC
57.19693331666664,Pleurogrammus azonus,NA,Hexagrammidae,667500,habitat_benthic,demersal,62,NA,3626343.2344661257,0.1595335032,3.38,Actinopteri,NA
57.02502443730159,Pleurogrammus monopterygius,NA,Hexagrammidae,1715000,habitat_coastal,demersal,56.5,NA,2009760.4085666137,0.07660103928,3.38,Actinopteri,NA
62.75515857777772,Pleuronectes quadrituberculatus,NA,Pleuronectidae,2015000,habitat_benthic,bathydemersal,87,NA,798334.9775283013,0.120334472,3.59,Actinopteri,NA
40.840842335714285,Pogonias cromis,NA,Sciaenidae,1915000,habitat_coastal,demersal,170,NA,52814.07432827447,0.1865247498,3.38,Actinopteri,LC
41.836853342857125,Polydactylus quadrifilis,NA,Polynemidae,507500,habitat_coastal,demersal,200,NA,167966.20739257033,0.5641203994,4.024307255856252,Actinopteri,LC
57.70200551428568,Polyprion americanus,NA,Polyprionidae,7452500,habitat_benthic,demersal,210,NA,19181.41426081243,0.09706333301,4.14573929963247,Actinopteri,DD
40.52624830396827,Pomacanthus maculosus,NA,Pomacanthidae,1652500,habitat_reef,reef-associated,50,NA,1194.6204013424224,0.2045469839,2.7726231123167726,Actinopteri,LC
36.09335894126985,Pomadasys argenteus,NA,Haemulidae,10752500,habitat_coastal,demersal,70,NA,7362.777275593805,0.8058779694,3.47,Actinopteri,LC
34.11525425396828,Pomadasys jubelini,NA,Haemulidae,640000,habitat_coastal,demersal,60,NA,9092.60281515809,0.7534080328,3.389124257642188,Actinopteri,LC
34.6829848269841,Pomadasys kaakan,NA,Haemulidae,10845000,habitat_coastal,reef-associated,80,NA,103598.77189749113,0.6269470459,3.5105563014184056,Actinopteri,NA
36.16761308253969,Pomadasys stridens,NA,Haemulidae,2142500,habitat_coastal,reef-associated,20,NA,1056.793350328608,0.7789715934,4.033648182300576,Actinopteri,NA
34.93998387777778,Pomatomus saltatrix,NA,Pomatomidae,137852500,migratory,pelagic-oceanic,130,NA,125269.23753581518,0.5247091089,4.53,Actinopteri,VU
38.582970730158756,Pontinus kuhlii,NA,Scorpaenidae,1472500,habitat_deep,bathydemersal,52,NA,1536.7583481254387,0.2817801514,4.06167096163355,Actinopteri,DD
36.05149533492064,Priacanthus macracanthus,NA,Priacanthidae,9322500,habitat_reef,reef-associated,30,NA,38524.314613421375,0.9007485363,4.117716520299497,Actinopteri,LC
34.757368111111134,Promethichthys prometheus,NA,Gempylidae,16325000,habitat_deep,benthopelagic,100,NA,204.2702824282756,0.2825667998,4.183103005409768,Actinopteri,LC
34.78138953015876,Psenopsis anomala,NA,Centrolophidae,1332500,habitat_coastal,benthopelagic,30,NA,43667.439934094335,0.7020699186,4.014966329411927,Actinopteri,LC
55.79627561904758,Psettichthys melanostictus,NA,Pleuronectidae,1187500,habitat_benthic,demersal,63,NA,363.8121530083963,0.3060590447,4.071011888077874,Actinopteri,NA
50.71966868253964,Psettodes erumei,NA,Psettodidae,3950000,habitat_benthic,demersal,64,NA,81476.74489680654,0.8550804047,4.39,Actinopteri,NA
52.60389582777775,Pseudocyttus maculatus,NA,Oreosomatidae,2850000,habitat_deep,bathydemersal,68,NA,45282.659272372235,0.1098838058,3.6786929774162465,Actinopteri,DD
43.326665236507885,Pseudopercis semifasciata,NA,Pinguipedidae,700000,habitat_benthic,demersal,100,NA,14767.713107058687,0.636895363,3.9028752120800334,Actinopteri,NA
52.41278177777773,Pseudophycis bachus,NA,Moridae,1075000,habitat_benthic,demersal,90,NA,135606.8150240562,0.2014825287,3.93,Actinopteri,NA
48.55148429206344,Pseudopleuronectes herzensteini,NA,Pleuronectidae,427500,habitat_benthic,demersal,50,NA,114429.612649185,0.483128298,3.465,Actinopteri,NA
37.03339494444447,Pseudotolithus elongatus,NA,Sciaenidae,320000,habitat_coastal,demersal,47,NA,144262.61312412022,0.2628005079,4.071011888077874,Actinopteri,LC
38.11051741746031,Pseudotolithus senegalensis,NA,Sciaenidae,542500,habitat_coastal,demersal,114,NA,34442.69003109382,0.4770746996,3.8188068740811136,Actinopteri,EN
36.75948987777781,Pseudotolithus senegallus,NA,Sciaenidae,590000,habitat_coastal,demersal,230,NA,8299.897352262822,0.4538957339,3.912216138524358,Actinopteri,VU
48.895514213492035,Pseudupeneus prayensis,NA,Mullidae,652500,habitat_benthic,demersal,55,NA,12069.899798285072,0.8972458911,3.3050559196432676,Actinopteri,VU
35.09294426984127,Pterogymnus laniarius,NA,Sparidae,180000,habitat_reef,benthopelagic,45,NA,11543.006861008736,0.38424962,3.631988345194624,Actinopteri,LC
43.189810423809455,Pteroscion peli,NA,Sciaenidae,585000,habitat_benthic,benthopelagic,32,NA,7736.777155649939,0.6246151211,3.6039655658616505,Actinopteri,LC
36.89733364285714,Rachycentron canadum,NA,Rachycentridae,15987500,hms,reef-associated,200,NA,58777.77515269999,0.4438852599,3.96,Actinopteri,LC
47.88792384285716,Rastrelliger brachysoma,NA,Scombridae,8362500,pelagic,pelagic-neritic,34.5,NA,924370.2657284398,1.171892667,2.819327744538395,Actinopteri,DD
50.55554077777767,Reinhardtius hippoglossoides,NA,Pleuronectidae,4170000,habitat_benthic,benthopelagic,110,NA,307787.8214796407,0.1715916363,4.38,Actinopteri,NA
37.75799391666667,Rexea solandri,NA,Gempylidae,1292500,migratory,benthopelagic,110,NA,17719.106378729786,0.2349130506,4.304535049185986,Actinopteri,NA
31.73320095952379,Rhabdosargus globiceps,NA,Sparidae,235000,habitat_reef,benthopelagic,65,NA,452.49673040557786,0.4411788784,3.04,Actinopteri,VU
27.119322576190495,Rhabdosargus haffara,NA,Sparidae,992500,habitat_reef,reef-associated,35,NA,9449.676743839,0.5607645789,3.5479200071957036,Actinopteri,LC
29.376316285714267,Rhomboplites aurorubens,NA,Lutjanidae,3140000,habitat_reef,demersal,60,NA,22238.145689142457,0.3927965093,4.36,Actinopteri,VU
48.918688261111036,Ruvettus pretiosus,NA,Gempylidae,13672500,migratory,benthopelagic,300,NA,59440.9621761442,0.4159568603,4.183103005409768,Actinopteri,LC
49.95764661111104,Salilota australis,NA,Moridae,1077500,deep,demersal,50,NA,96078.23776901416,0.246865935,4.41,Actinopteri,NA
37.079490880158744,Salmo salar,NA,Salmonidae,3572500,migratory,benthopelagic,150,NA,9019.125512094592,0.7296281653,4.5,Actinopteri,LC
36.00370294444445,Salvelinus alpinus,NA,Salmonidae,5825000,migratory,benthopelagic,107,NA,1393.1999999999998,0.2,4.39,Actinopteri,NA
30.823210550000002,Sarda chiliensis,NA,Scombridae,307500,pelagic,pelagic-neritic,102,NA,271116.5088733599,0.4741686758,4.49,Actinopteri,NA
36.936844277777794,Sarda orientalis,NA,Scombridae,14075000,pelagic,pelagic-neritic,102,NA,4837.017877595301,0.3409092217,4.211125820375548,Actinopteri,LC
26.47337723650795,Sarda sarda,NA,Scombridae,6197500,hms,pelagic-neritic,91.4000015258789,NA,139718.15705515287,0.7030093874,4.5,Actinopteri,LC
37.5827680642857,Sardinella brasiliensis,NA,Clupeidae,2745000,habitat_coastal,pelagic-neritic,27,NA,249674.39612561456,0.7882122118,3.1742829494227247,Actinopteri,DD
53.18530387142859,Sardinella gibbosa,NA,Clupeidae,11190000,habitat_coastal,pelagic-neritic,29.600000381469727,NA,582774.7402393757,1.234370494,2.940759788314613,Actinopteri,LC
44.05211450952383,Sardinella lemuru,NA,Clupeidae,6505000,habitat_coastal,pelagic-neritic,23,NA,119056.72275572724,1.196835699,2.5951455098746075,Actinopteri,NT
49.13013439761907,Sardinella longiceps,NA,Clupeidae,567500,migratory,pelagic-neritic,23,NA,1566716.714361487,1.069202758,2.529759104938151,Actinopteri,LC
44.641880821428565,Sardinella maderensis,NA,Clupeidae,1292500,migratory,pelagic,30,NA,752685.4111251774,0.8108882024,3.2676922138659696,Actinopteri,VU
38.27575611984131,Sardinella zunasi,NA,Clupeidae,567500,habitat_coastal,pelagic-neritic,18,NA,13365.105939819405,0.9384715734,3.17,Actinopteri,LC
47.242591095238076,Saurida tumbil,NA,Synodontidae,11872500,habitat_benthic,reef-associated,60,NA,158872.8114722156,0.4760430139,4.4,Actinopteri,LC
43.15028628888886,Saurida undosquamis,NA,Synodontidae,6290000,habitat_benthic,reef-associated,50,NA,839.2921650013177,0.5935382466,4.46,Actinopteri,LC
35.46347733730158,Scarus persicus,NA,Scaridae,662500,habitat_reef,benthopelagic,50,NA,725.8477905364185,0.6197332359,2.003846153846154,Actinopteri,LC
35.60796220317457,Scolopsis taeniata,NA,Nemipteridae,1430000,habitat_reef,reef-associated,36,NA,1097.3476357075044,1.10849102,3.48,Actinopteri,NA
33.185504150793655,Scomber australasicus,NA,Scombridae,6165000,hms,pelagic-neritic,44,NA,565948.6281008193,0.5714487306,4.23,Actinopteri,LC
27.852688752380967,Scomberesox saurus,NA,Scomberesocidae,23045000,pelagic,pelagic-oceanic,50,NA,15045.827037530808,0.6342686232,3.91,Actinopteri,NA
34.953930428571475,Scomberoides commersonnianus,NA,Carangidae,10520000,habitat_reef,reef-associated,120,NA,22678.462619167753,0.9110243647,4.351239681407609,Actinopteri,LC
37.326337501587304,Scomberoides lysan,NA,Carangidae,11030000,habitat_reef,reef-associated,110,NA,9.175311382298938,0.8605702489,4.052329999556419,Actinopteri,LC
34.660975225396854,Scomberoides tol,NA,Carangidae,11720000,habitat_reef,reef-associated,60,NA,279.93982365551983,0.9110243647,4.11,Actinopteri,LC
38.54422867857142,Scomberomorus brasiliensis,NA,Scombridae,1760000,habitat_coastal,reef-associated,125,NA,43179.649220926935,0.4946214336,3.31,Actinopteri,LC
37.91439408730156,Scomberomorus commerson,NA,Scombridae,11710000,hms,pelagic-neritic,240,NA,2482310.5456862664,0.543282813,4.5,Actinopteri,NT
24.87154768888888,Scomberomorus guttatus,NA,Scombridae,6332500,hms,pelagic-neritic,76,NA,326872.9663703917,0.5003105941,4.276512269853013,Actinopteri,DD
35.38826886111115,Scomberomorus lineolatus,NA,Scombridae,3632500,pelagic,pelagic-neritic,94,NA,1908.8351011931825,0.2978905824,4.4820126516281515,Actinopteri,LC
30.21081694285715,Scomberomorus niphonius,NA,Scombridae,1432500,hms,pelagic-neritic,113.1999969482422,NA,242238.41582558717,0.5257028022,4.5,Actinopteri,DD
34.15609015555553,Scomberomorus regalis,NA,Scombridae,2657500,pelagic,reef-associated,183,NA,2229.389550326666,0.602525476,4.51,Actinopteri,LC
30.992347561904765,Scomberomorus sierra,NA,Scombridae,742500,pelagic,pelagic-neritic,99,NA,48802.96067467297,0.6255143454,4.49,Actinopteri,LC
30.99430916507937,Scomberomorus tritor,NA,Scombridae,567500,pelagic,pelagic-neritic,100,NA,12151.332502660747,1.01040211,4.42,Actinopteri,LC
43.605542066666565,Scophthalmus aquosus,NA,Scophthalmidae,307500,habitat_benthic,demersal,45.70000076293945,NA,2809.5478512055547,0.5919884367,3.72,Actinopteri,NA
47.29397291269839,Scophthalmus rhombus,NA,Scophthalmidae,2545000,habitat_benthic,demersal,75,NA,9133.3210804166265,0.8373598095,4.42,Actinopteri,NA
68.85108184999997,Sebastes aleutianus,NA,Sebastidae,1802500,habitat_benthic,bathydemersal,97,NA,64222.26283124958,0.03830607602,3.52,Actinopteri,NA
69.60705351190472,Sebastes alutus,NA,Sebastidae,1702500,habitat_benthic,bathydemersal,53,NA,691016.9390704945,0.04827910026,3.48,Actinopteri,NA
47.746238285714284,Sebastes carnatus,NA,Sebastidae,112500,territorial,demersal,39,NA,2351.4256345797717,0.08590533208,3.6600111245275975,Actinopteri,NA
60.96682741666663,Sebastes chlorostictus,NA,Sebastidae,172500,habitat_benthic,demersal,50,NA,1780.25425931551,0.08590533208,3.764736842105263,Actinopteri,NA
65.85248448650789,Sebastes diploproa,NA,Sebastidae,647500,habitat_benthic,bathydemersal,46,NA,29520.868362843074,0.08590533208,3.764736842105263,Actinopteri,NA
61.711370059523745,Sebastes elongatus,NA,Sebastidae,492500,habitat_benthic,demersal,39,NA,17439.05776057721,0.09209213147,3.764736842105263,Actinopteri,NA
47.9847901111111,Sebastes entomelas,NA,Sebastidae,927500,habitat_reef,pelagic-neritic,60,NA,127872.2022722667,0.08590533208,3.7,Actinopteri,NA
50.51229133333332,Sebastes flavidus,NA,Sebastidae,622500,habitat_reef,reef-associated,66,NA,159936.5520762081,0.05852320735,4.15,Actinopteri,NA
50.96985056349204,Sebastes goodei,NA,Sebastidae,185000,habitat_reef,demersal,56,NA,46512.241160569494,0.09305077313,3.5105563014184056,Actinopteri,NA
66.9977629293651,Sebastes jordani,NA,Sebastidae,340000,habitat_benthic,demersal,32,NA,39338.64790151165,0.096107777,3.2676922138659696,Actinopteri,NA
56.80472275793652,Sebastes melanostomus,NA,Sebastidae,207500,habitat_deep,bathydemersal,61,NA,7727.497921260854,0.05745714907,3.764736842105263,Actinopteri,NA
68.78510499999994,Sebastes norvegicus,NA,Sebastidae,9940000,habitat_benthic,pelagic-oceanic,100,NA,478637.302448847,0.057488971,4.052330035189225,Actinopteri,NA
45.75724411111109,Sebastes paucispinis,NA,Sebastidae,732500,habitat_reef,reef-associated,91,NA,15963.778874564388,0.1060734646,3.557260933640028,Actinopteri,NA
55.25874663333332,Sebastes pinniger,NA,Sebastidae,487500,habitat_reef,demersal,76,NA,51977.331950530264,0.03890906396,3.828147800525438,Actinopteri,NA
68.71270509523805,Sebastes polyspinis,NA,Sebastidae,1407500,habitat_benthic,demersal,41,NA,345574.1273820254,0.05019432781,3.42,Actinopteri,NA
50.042759466666645,Sebastes ruberrimus,NA,Sebastidae,820000,habitat_reef,reef-associated,104,NA,2339.3147916552734,0.03590795061,4.43,Actinopteri,NA
62.05449696428567,Sebastes rufus,NA,Sebastidae,112500,habitat_benthic,demersal,54,NA,14326.258570933634,0.08590533208,3.764736842105263,Actinopteri,NA
65.13874844444439,Sebastes variabilis,NA,Sebastidae,2635000,habitat_benthic,demersal,43.08000183105469,NA,66182.62795665773,0.08341472937,3.764736842105263,Actinopteri,NA
70.60405749444443,Sebastolobus alascanus,NA,Sebastidae,2282500,habitat_benthic,demersal,80,NA,63731.52318629615,0.05397642843,3.62,Actinopteri,EN
52.834583088888884,Sebastolobus altivelis,NA,Sebastidae,1000000,habitat_deep,bathydemersal,39,NA,53498.101670578595,0.09454541081,3.62,Actinopteri,NA
43.56523259523814,Selar crumenophthalmus,NA,Carangidae,19110000,pelagic,reef-associated,70,NA,368036.9040096239,1.355871747,3.81,Actinopteri,LC
39.372855809523784,Selaroides leptolepis,NA,Carangidae,8477500,habitat_coastal,reef-associated,22,NA,374978.5489692503,1.611950512,3.84,Actinopteri,LC
30.66942255238096,Selene dorsalis,NA,Carangidae,612500,habitat_coastal,demersal,40,NA,20264.774476131235,0.6549165408,4.089693740966523,Actinopteri,LC
34.65631084444444,Selene peruviana,NA,Carangidae,720000,habitat_coastal,benthopelagic,40,NA,121.88864162548644,0.8824776334,4.26,Actinopteri,LC
37.20284494920637,Selene setapinnis,NA,Carangidae,3615000,habitat_coastal,benthopelagic,60,NA,11454.456380737562,0.8953283909,3.7534203889708424,Actinopteri,LC
32.697728014285744,Seriola dumerili,NA,Carangidae,21225000,habitat_reef,reef-associated,190,NA,12812.999147489045,0.450960773,4.5,Actinopteri,LC
37.231527144444456,Seriola lalandi,NA,Carangidae,18980000,habitat_reef,benthopelagic,250,NA,3829.661199006756,0.4344843874,4.16,Actinopteri,LC
30.883928755555548,Seriola rivoliana,NA,Carangidae,19202500,pelagic,reef-associated,160,NA,58.95087627058544,0.5058448981,4.45,Actinopteri,LC
37.86095661746035,Seriolella brama,NA,Centrolophidae,1212500,habitat_coastal,benthopelagic,76,NA,3432.7509271642766,0.2502598955,3.7627613154151662,Actinopteri,NA
43.31559190555558,Seriolella caerulea,NA,Centrolophidae,1385000,habitat_coastal,pelagic-neritic,65,NA,24687.538432762707,0.3323385206,3.2676922138659696,Actinopteri,LC
43.26346381666672,Seriolella porosa,NA,Centrolophidae,62500,habitat_coastal,benthopelagic,44,NA,63803.72084340689,0.3190654672,3.454510742752459,Actinopteri,NA
38.56734453015876,Seriolella punctata,NA,Centrolophidae,1765000,migratory,benthopelagic,66,NA,87626.04898765677,0.2612178258,3.575942786528677,Actinopteri,NA
34.62731034285717,Seriolina nigrofasciata,NA,Carangidae,11355000,habitat_reef,reef-associated,70,NA,7364.200794492947,0.934625792,4.173762078965444,Actinopteri,LC
31.37380083730156,Sillago sihama,NA,Sillaginidae,9625000,habitat_coastal,reef-associated,31,NA,3527.9090010298664,0.7128324453,3.33,Actinopteri,LC
32.21279993333334,Sphyraena jello,NA,Sphyraenidae,12932500,habitat_coastal,reef-associated,150,NA,1405.5941276179155,0.5976205958,4.5,Actinopteri,NA
31.166767276190487,Sphyraena obtusata,NA,Sphyraenidae,13422500,habitat_coastal,reef-associated,55,NA,272.2131650623023,0.6811573568,4.5,Actinopteri,NA
30.398084911111116,Sphyraena sphyraena,NA,Sphyraenidae,2112500,habitat_coastal,pelagic-neritic,165,NA,355.46222561351243,0.4889183364,4.052330035189225,Actinopteri,LC
35.65012154761907,Sprattus fuegensis,NA,Clupeidae,282500,habitat_coastal,pelagic-neritic,18,NA,12980.053443387127,0.5934715164,2.7072366272065014,Actinopteri,LC
40.099521576190476,Sprattus sprattus,NA,Clupeidae,1992500,migratory,pelagic-neritic,16,NA,399549.1026644809,0.4755668821,3.0902146114238045,Actinopteri,LC
37.597006119047634,Stenotomus chrysops,NA,Sparidae,602500,habitat_reef,demersal,46,NA,134258.10627475003,0.3475292427,3.82,Actinopteri,NT
39.291887211111096,Stephanolepis cirrhifer,NA,Monacanthidae,242500,habitat_coastal,demersal,30,NA,270394.6900142482,0.842910887,2.9314188618702883,Actinopteri,LC
49.83530977777772,Stereolepis gigas,NA,Polyprionidae,632500,habitat_benthic,demersal,250,NA,33.70154284858691,0.2784442256,4.4820126516281515,Actinopteri,CR
33.22565387619049,Stromateus fiatola,NA,Stromateidae,1900000,pelagic,benthopelagic,50,NA,9289.59946625578,0.8387969824,4.0429891087449015,Actinopteri,LC
34.030060976190484,Tautoga onitis,NA,Labridae,415000,habitat_coastal,reef-associated,91,NA,859.9392304934872,0.359313762,3.379783268840452,Actinopteri,VU
28.5274412285714,Tautogolabrus adspersus,NA,Labridae,990000,habitat_coastal,reef-associated,38,NA,17.04358746962112,0.5421393833,3.72,Actinopteri,LC
46.33128021666672,Tenualosa ilisha,NA,Clupeidae,1715000,migratory,pelagic-neritic,60,NA,1062830.6593823752,1.644075154,2.978123494091911,Actinopteri,LC
37.46228828015871,Tenualosa toli,NA,Clupeidae,2412500,habitat_coastal,pelagic-neritic,60,NA,7197.743231247338,2.001580709,2.5951455098746075,Actinopteri,VU
31.264157333333348,Tetrapturus angustirostris,NA,Istiophoridae,156842500,hms,pelagic-oceanic,230,NA,422.4151485054658,0.48980251,4.4820126516281515,Actinopteri,DD
31.675161711111116,Tetrapturus belone,NA,Istiophoridae,2882500,hms,pelagic-oceanic,240,NA,36.22684579546152,0.48980251,4.341898754963284,Actinopteri,LC
30.075162244444456,Tetrapturus pfluegeri,NA,Istiophoridae,40682500,hms,pelagic-oceanic,254,NA,882.5026233532368,0.48980251,4.4,Actinopteri,LC
44.12174624999998,Thunnus alalunga,NA,Scombridae,214395000,hms,pelagic-oceanic,140,NA,1496373.191530863,0.1393771315,4.3,Actinopteri,NT
25.104375971428563,Thunnus atlanticus,NA,Scombridae,17285000,hms,pelagic-oceanic,107.9499969482422,NA,21204.6150432288,0.4114649562,4.35,Actinopteri,LC
52.12694074999994,Thunnus obesus,NA,Scombridae,492747500,pelagic,pelagic-oceanic,250,NA,2522991.786520502,0.2363462564,4.49,Actinopteri,VU
45.57389127777771,Thunnus tonggol,NA,Scombridae,13385000,pelagic,pelagic-neritic,144.98300170898435,NA,4937248.325174786,0.2217748138,4.5,Actinopteri,DD
54.98519186587296,Thyrsites atun,NA,Gempylidae,2655000,habitat_coastal,benthopelagic,200,NA,709214.8871950851,0.3490627516,3.63,Actinopteri,NA
39.61426812380953,Trachinotus blochii,NA,Carangidae,9000000,habitat_reef,reef-associated,110,NA,91.99897650011496,0.8428354635,3.7721022418594914,Actinopteri,LC
34.6222580285714,Trachinotus carolinus,NA,Carangidae,2425000,habitat_coastal,benthopelagic,64,NA,882.2125221360004,0.8428354635,3.5,Actinopteri,LC
33.92806174920641,Trachinotus mookalee,NA,Carangidae,4482500,habitat_coastal,demersal,90,NA,485.22400600197335,0.8428354635,3.94,Actinopteri,LC
43.64398975555555,Trachipterus arcticus,NA,Trachipteridae,10997500,habitat_deep,bathypelagic,300,NA,10.934250391818251,0.142305137,4.4820126516281515,Actinopteri,NA
42.76128992857146,Trachurus capensis,NA,Carangidae,510000,pelagic,pelagic-neritic,60,NA,2291234.8414054587,0.28187887,3.5198972278627303,Actinopteri,LC
43.1873015277778,Trachurus declivis,NA,Carangidae,1517500,pelagic,benthopelagic,64,NA,147861.15782026344,0.2896134768,3.949579844301656,Actinopteri,LC
33.65837975714285,Trachurus japonicus,NA,Carangidae,525000,pelagic,pelagic-neritic,50,NA,1673773.1320826542,0.601339121,3.454510742752459,Actinopteri,NT
30.545902911111117,Trachurus lathami,NA,Carangidae,2837500,pelagic,reef-associated,40,NA,4045.653756093271,0.7040503641,3.99,Actinopteri,LC
32.29485704365079,Trachurus mediterraneus,NA,Carangidae,2082500,pelagic,pelagic-oceanic,60,NA,196943.50021202175,0.3929460374,3.77,Actinopteri,LC
81.9720570825397,Trachurus murphyi,NA,Carangidae,6805000,pelagic,pelagic-oceanic,70,NA,10384286.66590562,0.2467725956,3.33,Actinopteri,DD
76.1680663333333,Trachurus trachurus,NA,Carangidae,217500,pelagic,pelagic-neritic,70,NA,16544709.446704255,0.4124449926,3.71,Actinopteri,VU
33.540530111111124,Trachurus trecae,NA,Carangidae,730000,pelagic,benthopelagic,35,NA,3004486.970255171,0.4787312324,3.5385790807513793,Actinopteri,LC
46.71759144444438,Tragulichthys jaculiferus,NA,Diodontidae,1675000,habitat_benthic,reef-associated,30,NA,36.21666769548345,0.8240404736,3.5479200071957036,Actinopteri,NA
71.55962603730154,Trichiurus lepturus,NA,Trichiuridae,17082500,habitat_coastal,benthopelagic,234,NA,25390267.522178132,0.5832800222,4.42,Actinopteri,LC
39.146276199206355,Trisopterus esmarkii,NA,Gadidae,1107500,migratory,benthopelagic,35,NA,499895.1944508846,0.6157875279,3.24,Actinopteri,LC
40.94007521111111,Trisopterus luscus,NA,Gadidae,1130000,habitat_coastal,benthopelagic,46,NA,61292.12744787298,0.8805530212,3.73,Actinopteri,NA
43.59917320158722,Trisopterus minutus,NA,Gadidae,1602500,habitat_benthic,benthopelagic,40,NA,6807.2938397552625,0.7092609947,3.73,Actinopteri,NA
29.65264940952381,Tylosurus crocodilus,NA,Belonidae,12982500,habitat_coastal,reef-associated,150,NA,353.3717565828922,0.6964110612,4.43,Actinopteri,NA
45.92719769603172,Umbrina canariensis,NA,Sciaenidae,2567500,habitat_benthic,demersal,80,NA,11581.93929399558,0.3787959761,3.426487963419486,Actinopteri,LC
50.84039859206341,Umbrina canosai,NA,Sciaenidae,347500,habitat_benthic,demersal,40,NA,56568.85569378843,0.6805250615,3.87485243274706,Actinopteri,NA
28.411270241269825,Umbrina cirrosa,NA,Sciaenidae,1472500,habitat_reef,demersal,73,NA,3945.8454898978407,0.4341112708,3.4638516691967842,Actinopteri,NA
24.868679895238078,Uranoscopus scaber,NA,Uranoscopidae,2260000,sedentary,demersal,40,NA,1454.422055204613,0.6446959441,4.369921534296258,Actinopteri,LC
49.93900644920632,Urophycis brasiliensis,NA,Phycidae,62500,habitat_benthic,demersal,52.20000076293945,NA,23685.99794913223,0.3751318403,3.958920770745981,Actinopteri,NA
49.688011994444516,Urophycis chuss,NA,Phycidae,492500,migratory,demersal,66,NA,132954.9807716757,0.3035542991,3.72,Actinopteri,NA
40.66516907777776,Urophycis tenuis,NA,Phycidae,565000,migratory,demersal,133,NA,65329.05887707944,0.1783347457,4.27,Actinopteri,NA
30.33681195555554,Variola louti,NA,Serranidae,12655000,habitat_reef,reef-associated,83,NA,3312.079611109674,0.375052579,4.33,Actinopteri,LC
37.64689322222222,Xiphias gladius,NA,Xiphiidae,266090000,hms,pelagic-oceanic,455,NA,229574.404990167,0.3155498193,4.53,Actinopteri,LC
34.317432444444464,Zenopsis conchifer,NA,Zeidae,8547500,habitat_reef,benthopelagic,80,NA,3095.4152584355575,0.2463721137,4.5,Actinopteri,LC
49.94305993650787,Zenopsis nebulosa,NA,Zeidae,6145000,deep,benthopelagic,70,NA,18348.48763270124,0.198679481,4.3792624607405815,Actinopteri,NA
31.676031992063486,Zeus faber,NA,Zeidae,10750000,habitat_reef,benthopelagic,90,NA,218388.05056056756,0.2135777845,4.5,Actinopteri,DD
36.736098238095266,Zoarces viviparus,NA,Zoarcidae,927500,sedentary,demersal,52,NA,431.8090903800494,0.3307387528,3.5198972278627303,Actinopteri,NA
