"","SciName","family","m_index","movement_keyword","mean_pld","sd_pld","n_mean","mean_pld_family","sd_pld_family","n_mean_family","pld"
"1","Acanthurus sohal","Acanthuridae",2,"habitat_reef",NA,NA,NA,57.3303703703704,15.9485440573695,27,57.3303703703704
"2","Naso unicornis","Acanthuridae",2,"habitat_reef",73.9,0,1,57.3303703703704,15.9485440573695,27,73.9
"3","Acipenser transmontanus","Acipenseridae",2,"habitat_coastal",NA,NA,NA,NA,NA,NA,43.0493696758551
"4","Albula vulpes","Albulidae",2,"habitat_lagoon",NA,NA,NA,NA,NA,NA,43.0493696758551
"5","Alopias superciliosus","Alopiidae",3,"hms",NA,NA,NA,NA,NA,NA,43.0493696758551
"6","Alopias vulpinus","Alopiidae",3,"hms",NA,NA,NA,NA,NA,NA,43.0493696758551
"7","Ammodytes personatus","Ammodytidae",2,"habitat_coastal",NA,NA,NA,159,NA,1,159
"8","Anarhichas denticulatus","Anarhichadidae",2,"habitat_deep",NA,NA,NA,NA,NA,NA,43.0493696758551
"9","Anarhichas lupus","Anarhichadidae",2,"habitat_coastal",NA,NA,NA,NA,NA,NA,43.0493696758551
"10","Anoplopoma fimbria","Anoplopomatidae",3,"deep",NA,NA,NA,NA,NA,NA,43.0493696758551
"11","Aplodactylus punctatus","Aplodactylidae",2,"habitat_coastal",NA,NA,NA,NA,NA,NA,43.0493696758551
"12","Argentina silus","Argentinidae",3,"pelagic",NA,NA,NA,NA,NA,NA,43.0493696758551
"13","Argentina sphyraena","Argentinidae",3,"pelagic",NA,NA,NA,NA,NA,NA,43.0493696758551
"14","Glossanodon semifasciatus","Argentinidae",3,"pelagic",NA,NA,NA,NA,NA,NA,43.0493696758551
"15","Bathyraja eatonii","Arhynchobatidae",2,"habitat_benthic",NA,NA,NA,NA,NA,NA,43.0493696758551
"16","Aristaeomorpha foliacea","Aristeidae",2,"habitat_deep",NA,NA,NA,NA,NA,NA,43.0493696758551
"17","Aristeus antennatus","Aristeidae",2,"habitat_deep",NA,NA,NA,NA,NA,NA,43.0493696758551
"18","Aristeus varidens","Aristeidae",2,"habitat_deep",NA,NA,NA,NA,NA,NA,43.0493696758551
"19","Arripis georgianus","Arripidae",2,"habitat_coastal",NA,NA,NA,NA,NA,NA,43.0493696758551
"20","Arripis trutta","Arripidae",2,"habitat_coastal",NA,NA,NA,NA,NA,NA,43.0493696758551
"21","Atherina boyeri","Atherinidae",2,"habitat_coastal",NA,NA,NA,83,NA,1,83
"22","Odontesthes regia","Atherinidae",2,"habitat_coastal",NA,NA,NA,83,NA,1,83
"23","Menidia menidia","Atherinopsidae",2,"habitat_coastal",35,0,1,NA,NA,NA,35
"24","Amphichthys cryptocentrus","Batrachoididae",1,"sedentary",NA,NA,NA,NA,NA,NA,43.0493696758551
"25","Ablennes hians","Belonidae",2,"habitat_coastal",NA,NA,NA,NA,NA,NA,43.0493696758551
"26","Belone belone","Belonidae",3,"pelagic",NA,NA,NA,NA,NA,NA,43.0493696758551
"27","Tylosurus crocodilus","Belonidae",2,"habitat_coastal",NA,NA,NA,NA,NA,NA,43.0493696758551
"28","Beryx decadactylus","Berycidae",2,"habitat_deep",NA,NA,NA,NA,NA,NA,43.0493696758551
"29","Beryx splendens","Berycidae",2,"habitat_deep",NA,NA,NA,NA,NA,NA,43.0493696758551
"30","Centroberyx affinis","Berycidae",2,"habitat_coastal",NA,NA,NA,NA,NA,NA,43.0493696758551
"31","Bothus pantherinus","Bothidae",2,"habitat_benthic",NA,NA,NA,32.55,1.62634559672906,2,32.55
"32","Cottoperca gobio","Bovichtidae",1,"territorial",NA,NA,NA,NA,NA,NA,43.0493696758551
"33","Brama brama","Bramidae",3,"migratory",NA,NA,NA,NA,NA,NA,43.0493696758551
"34","Taractichthys steindachneri","Bramidae",3,"hms",NA,NA,NA,NA,NA,NA,43.0493696758551
"35","Bregmaceros mcclellandi","Bregmacerotidae",3,"pelagic",NA,NA,NA,NA,NA,NA,43.0493696758551
"36","Buccinum undatum","Buccinidae",1,"sedentary",0,0,1,NA,NA,NA,0
"37","Callorhinchus callorynchus","Callorhinchidae",2,"habitat_benthic",NA,NA,NA,NA,NA,NA,43.0493696758551
"38","Callorhinchus milii","Callorhinchidae",2,"habitat_benthic",NA,NA,NA,NA,NA,NA,43.0493696758551
"39","Cancer borealis","Cancridae",1,"sedentary",NA,NA,NA,NA,NA,NA,43.0493696758551
"40","Cancer irroratus","Cancridae",1,"sedentary",NA,NA,NA,NA,NA,NA,43.0493696758551
"41","Cancer pagurus","Cancridae",1,"sedentary",NA,NA,NA,NA,NA,NA,43.0493696758551
"42","Cancer productus","Cancridae",1,"sedentary",NA,NA,NA,NA,NA,NA,43.0493696758551
"43","Capros aper","Caproidae",2,"habitat_reef",NA,NA,NA,NA,NA,NA,43.0493696758551
"44","Alectis alexandrinus","Carangidae",2,"habitat_coastal",NA,NA,NA,12.72,25.0886827075476,5,12.72
"45","Alepes djedaba","Carangidae",2,"habitat_reef",NA,NA,NA,12.72,25.0886827075476,5,12.72
"46","Atule mate","Carangidae",2,"habitat_reef",NA,NA,NA,12.72,25.0886827075476,5,12.72
"47","Carangoides bajad","Carangidae",2,"habitat_reef",NA,NA,NA,12.72,25.0886827075476,5,12.72
"48","Carangoides fulvoguttatus","Carangidae",2,"habitat_reef",NA,NA,NA,12.72,25.0886827075476,5,12.72
"49","Carangoides malabaricus","Carangidae",2,"habitat_reef",NA,NA,NA,12.72,25.0886827075476,5,12.72
"50","Caranx crysos","Carangidae",2,"habitat_coastal",NA,NA,NA,12.72,25.0886827075476,5,12.72
"51","Caranx hippos","Carangidae",2,"habitat_reef",NA,NA,NA,12.72,25.0886827075476,5,12.72
"52","Caranx ignobilis","Carangidae",2,"habitat_reef",NA,NA,NA,12.72,25.0886827075476,5,12.72
"53","Caranx melampygus","Carangidae",2,"habitat_reef",57.6,0,1,12.72,25.0886827075476,5,57.6
"54","Caranx rhonchus","Carangidae",2,"habitat_coastal",NA,NA,NA,12.72,25.0886827075476,5,12.72
"55","Caranx ruber","Carangidae",2,"habitat_reef",NA,NA,NA,12.72,25.0886827075476,5,12.72
"56","Caranx sexfasciatus","Carangidae",2,"habitat_reef",NA,NA,NA,12.72,25.0886827075476,5,12.72
"57","Chloroscombrus chrysurus","Carangidae",2,"habitat_coastal",NA,NA,NA,12.72,25.0886827075476,5,12.72
"58","Chloroscombrus orqueta","Carangidae",2,"habitat_coastal",NA,NA,NA,12.72,25.0886827075476,5,12.72
"59","Decapterus macrosoma","Carangidae",3,"pelagic",NA,NA,NA,12.72,25.0886827075476,5,12.72
"60","Decapterus maruadsi","Carangidae",3,"pelagic",NA,NA,NA,12.72,25.0886827075476,5,12.72
"61","Decapterus russelli","Carangidae",3,"pelagic",NA,NA,NA,12.72,25.0886827075476,5,12.72
"62","Elagatis bipinnulata","Carangidae",3,"pelagic",NA,NA,NA,12.72,25.0886827075476,5,12.72
"63","Gnathanodon speciosus","Carangidae",2,"habitat_reef",NA,NA,NA,12.72,25.0886827075476,5,12.72
"64","Lichia amia","Carangidae",2,"habitat_coastal",NA,NA,NA,12.72,25.0886827075476,5,12.72
"65","Megalaspis cordyla","Carangidae",3,"pelagic",NA,NA,NA,12.72,25.0886827075476,5,12.72
"66","Naucrates ductor","Carangidae",3,"pelagic",NA,NA,NA,12.72,25.0886827075476,5,12.72
"67","Parastromateus niger","Carangidae",2,"habitat_coastal",NA,NA,NA,12.72,25.0886827075476,5,12.72
"68","Parona signata","Carangidae",2,"habitat_coastal",NA,NA,NA,12.72,25.0886827075476,5,12.72
"69","Pseudocaranx dentex","Carangidae",2,"habitat_coastal",NA,NA,NA,12.72,25.0886827075476,5,12.72
"70","Scomberoides commersonnianus","Carangidae",2,"habitat_reef",NA,NA,NA,12.72,25.0886827075476,5,12.72
"71","Scomberoides lysan","Carangidae",2,"habitat_reef",NA,NA,NA,12.72,25.0886827075476,5,12.72
"72","Scomberoides tol","Carangidae",2,"habitat_reef",NA,NA,NA,12.72,25.0886827075476,5,12.72
"73","Selar crumenophthalmus","Carangidae",3,"pelagic",NA,NA,NA,12.72,25.0886827075476,5,12.72
"74","Selaroides leptolepis","Carangidae",2,"habitat_coastal",NA,NA,NA,12.72,25.0886827075476,5,12.72
"75","Selene dorsalis","Carangidae",2,"habitat_coastal",NA,NA,NA,12.72,25.0886827075476,5,12.72
"76","Selene peruviana","Carangidae",2,"habitat_coastal",NA,NA,NA,12.72,25.0886827075476,5,12.72
"77","Selene setapinnis","Carangidae",2,"habitat_coastal",NA,NA,NA,12.72,25.0886827075476,5,12.72
"78","Seriola dumerili","Carangidae",2,"habitat_reef",NA,NA,NA,12.72,25.0886827075476,5,12.72
"79","Seriola lalandi","Carangidae",2,"habitat_reef",NA,NA,NA,12.72,25.0886827075476,5,12.72
"80","Seriola rivoliana","Carangidae",3,"pelagic",NA,NA,NA,12.72,25.0886827075476,5,12.72
"81","Seriolina nigrofasciata","Carangidae",2,"habitat_reef",NA,NA,NA,12.72,25.0886827075476,5,12.72
"82","Trachinotus blochii","Carangidae",2,"habitat_reef",NA,NA,NA,12.72,25.0886827075476,5,12.72
"83","Trachinotus carolinus","Carangidae",2,"habitat_coastal",NA,NA,NA,12.72,25.0886827075476,5,12.72
"84","Trachinotus mookalee","Carangidae",2,"habitat_coastal",NA,NA,NA,12.72,25.0886827075476,5,12.72
"85","Trachurus capensis","Carangidae",3,"pelagic",NA,NA,NA,12.72,25.0886827075476,5,12.72
"86","Trachurus declivis","Carangidae",3,"pelagic",NA,NA,NA,12.72,25.0886827075476,5,12.72
"87","Trachurus japonicus","Carangidae",3,"pelagic",NA,NA,NA,12.72,25.0886827075476,5,12.72
"88","Trachurus lathami","Carangidae",3,"pelagic",NA,NA,NA,12.72,25.0886827075476,5,12.72
"89","Trachurus mediterraneus","Carangidae",3,"pelagic",NA,NA,NA,12.72,25.0886827075476,5,12.72
"90","Trachurus murphyi","Carangidae",3,"pelagic",NA,NA,NA,12.72,25.0886827075476,5,12.72
"91","Trachurus symmetricus","Carangidae",3,"pelagic",1.5,0,1,12.72,25.0886827075476,5,1.5
"92","Trachurus trachurus","Carangidae",3,"pelagic",NA,NA,NA,12.72,25.0886827075476,5,12.72
"93","Trachurus trecae","Carangidae",3,"pelagic",NA,NA,NA,12.72,25.0886827075476,5,12.72
"94","Carcharhinus brachyurus","Carcharhinidae",3,"hms",NA,NA,NA,NA,NA,NA,43.0493696758551
"95","Carcharhinus falciformis","Carcharhinidae",3,"hms",NA,NA,NA,NA,NA,NA,43.0493696758551
"96","Carcharhinus limbatus","Carcharhinidae",3,"hms",NA,NA,NA,NA,NA,NA,43.0493696758551
"97","Carcharhinus longimanus","Carcharhinidae",3,"hms",NA,NA,NA,NA,NA,NA,43.0493696758551
"98","Carcharhinus sorrah","Carcharhinidae",3,"hms",NA,NA,NA,NA,NA,NA,43.0493696758551
"99","Galeocerdo cuvier","Carcharhinidae",3,"hms",NA,NA,NA,NA,NA,NA,43.0493696758551
"100","Prionace glauca","Carcharhinidae",3,"hms",NA,NA,NA,NA,NA,NA,43.0493696758551
"101","Cerastoderma edule","Cardiidae",1,"sedentary",NA,NA,NA,9,1.11803398874989,5,9
"102","Spicara maena","Centracanthidae",2,"habitat_coastal",NA,NA,NA,NA,NA,NA,43.0493696758551
"103","Centriscops humerosus","Centriscidae",2,"habitat_benthic",NA,NA,NA,NA,NA,NA,43.0493696758551
"104","Hyperoglyphe antarctica","Centrolophidae",2,"habitat_reef",NA,NA,NA,NA,NA,NA,43.0493696758551
"105","Hyperoglyphe bythites","Centrolophidae",2,"habitat_coastal",NA,NA,NA,NA,NA,NA,43.0493696758551
"106","Psenopsis anomala","Centrolophidae",2,"habitat_coastal",NA,NA,NA,NA,NA,NA,43.0493696758551
"107","Seriolella brama","Centrolophidae",2,"habitat_coastal",NA,NA,NA,NA,NA,NA,43.0493696758551
"108","Seriolella caerulea","Centrolophidae",2,"habitat_coastal",NA,NA,NA,NA,NA,NA,43.0493696758551
"109","Seriolella porosa","Centrolophidae",2,"habitat_coastal",NA,NA,NA,NA,NA,NA,43.0493696758551
"110","Seriolella punctata","Centrolophidae",3,"migratory",NA,NA,NA,NA,NA,NA,43.0493696758551
"111","Centrophorus granulosus","Centrophoridae",3,"deep",NA,NA,NA,NA,NA,NA,43.0493696758551
"112","Centrophorus squamosus","Centrophoridae",3,"deep",NA,NA,NA,NA,NA,NA,43.0493696758551
"113","Centropomus undecimalis","Centropomidae",2,"habitat_coastal",NA,NA,NA,36.8825,24.6112621578008,4,36.8825
"114","Cepola macrophthalma","Cepolidae",1,"sedentary",NA,NA,NA,NA,NA,NA,43.0493696758551
"115","Chanos chanos","Chanidae",2,"habitat_reef",40.282,10.7791984859729,5,NA,NA,NA,40.282
"116","Champsocephalus gunnari","Channichthyidae",2,"habitat_coastal",NA,NA,NA,547,NA,1,547
"117","Channichthys rhinoceratus","Channichthyidae",2,"habitat_coastal",NA,NA,NA,547,NA,1,547
"118","Cheilodactylus variegatus","Cheilodactylidae",2,"habitat_coastal",NA,NA,NA,NA,NA,NA,43.0493696758551
"119","Nemadactylus macropterus","Cheilodactylidae",2,"habitat_coastal",NA,NA,NA,NA,NA,NA,43.0493696758551
"120","Chimaera monstrosa","Chimaeridae",3,"deep",NA,NA,NA,NA,NA,NA,43.0493696758551
"121","Hydrolagus novaezealandiae","Chimaeridae",3,"deep",NA,NA,NA,NA,NA,NA,43.0493696758551
"122","Chirocentrus dorab","Chirocentridae",2,"habitat_coastal",NA,NA,NA,NA,NA,NA,43.0493696758551
"123","Chirocentrus nudus","Chirocentridae",2,"habitat_coastal",NA,NA,NA,NA,NA,NA,43.0493696758551
"124","Alosa fallax","Clupeidae",3,"migratory",NA,NA,NA,24.973488372093,36.0496626286123,43,24.973488372093
"125","Alosa pseudoharengus","Clupeidae",2,"habitat_coastal",5.48428571428571,4.35297544653025,7,24.973488372093,36.0496626286123,43,5.48428571428571
"126","Alosa sapidissima","Clupeidae",3,"pelagic",7.92857142857143,6.03067555246074,7,24.973488372093,36.0496626286123,43,7.92857142857143
"127","Amblygaster sirm","Clupeidae",2,"habitat_coastal",NA,NA,NA,24.973488372093,36.0496626286123,43,24.973488372093
"128","Anodontostoma chacunda","Clupeidae",2,"habitat_coastal",NA,NA,NA,24.973488372093,36.0496626286123,43,24.973488372093
"129","Brevoortia aurea","Clupeidae",2,"habitat_coastal",NA,NA,NA,24.973488372093,36.0496626286123,43,24.973488372093
"130","Brevoortia patronus","Clupeidae",2,"habitat_coastal",NA,NA,NA,24.973488372093,36.0496626286123,43,24.973488372093
"131","Brevoortia tyrannus","Clupeidae",3,"migratory",NA,NA,NA,24.973488372093,36.0496626286123,43,24.973488372093
"132","Clupanodon thrissa","Clupeidae",2,"habitat_coastal",NA,NA,NA,24.973488372093,36.0496626286123,43,24.973488372093
"133","Clupea harengus","Clupeidae",3,"migratory",160,0,1,24.973488372093,36.0496626286123,43,160
"134","Clupea pallasii","Clupeidae",2,"habitat_coastal",NA,NA,NA,24.973488372093,36.0496626286123,43,24.973488372093
"135","Clupeonella cultriventris","Clupeidae",3,"migratory",NA,NA,NA,24.973488372093,36.0496626286123,43,24.973488372093
"136","Ethmalosa fimbriata","Clupeidae",2,"habitat_coastal",NA,NA,NA,24.973488372093,36.0496626286123,43,24.973488372093
"137","Ethmidium maculatum","Clupeidae",2,"habitat_coastal",NA,NA,NA,24.973488372093,36.0496626286123,43,24.973488372093
"138","Hilsa kelee","Clupeidae",2,"habitat_coastal",NA,NA,NA,24.973488372093,36.0496626286123,43,24.973488372093
"139","Konosirus punctatus","Clupeidae",2,"habitat_coastal",NA,NA,NA,24.973488372093,36.0496626286123,43,24.973488372093
"140","Nematalosa nasus","Clupeidae",2,"habitat_coastal",NA,NA,NA,24.973488372093,36.0496626286123,43,24.973488372093
"141","Opisthonema libertate","Clupeidae",2,"habitat_coastal",NA,NA,NA,24.973488372093,36.0496626286123,43,24.973488372093
"142","Opisthonema oglinum","Clupeidae",2,"habitat_coastal",0,0,1,24.973488372093,36.0496626286123,43,0
"143","Sardina pilchardus","Clupeidae",3,"pelagic",40,0,1,24.973488372093,36.0496626286123,43,40
"144","Sardinella aurita","Clupeidae",2,"habitat_coastal",0,0,1,24.973488372093,36.0496626286123,43,0
"145","Sardinella brasiliensis","Clupeidae",2,"habitat_coastal",NA,NA,NA,24.973488372093,36.0496626286123,43,24.973488372093
"146","Sardinella gibbosa","Clupeidae",2,"habitat_coastal",NA,NA,NA,24.973488372093,36.0496626286123,43,24.973488372093
"147","Sardinella lemuru","Clupeidae",2,"habitat_coastal",NA,NA,NA,24.973488372093,36.0496626286123,43,24.973488372093
"148","Sardinella longiceps","Clupeidae",3,"migratory",NA,NA,NA,24.973488372093,36.0496626286123,43,24.973488372093
"149","Sardinella maderensis","Clupeidae",3,"migratory",NA,NA,NA,24.973488372093,36.0496626286123,43,24.973488372093
"150","Sardinella zunasi","Clupeidae",2,"habitat_coastal",NA,NA,NA,24.973488372093,36.0496626286123,43,24.973488372093
"151","Sardinops sagax","Clupeidae",3,"migratory",46.4875,0.866386172558174,4,24.973488372093,36.0496626286123,43,46.4875
"152","Sprattus fuegensis","Clupeidae",2,"habitat_coastal",NA,NA,NA,24.973488372093,36.0496626286123,43,24.973488372093
"153","Sprattus sprattus","Clupeidae",3,"migratory",NA,NA,NA,24.973488372093,36.0496626286123,43,24.973488372093
"154","Tenualosa ilisha","Clupeidae",3,"migratory",NA,NA,NA,24.973488372093,36.0496626286123,43,24.973488372093
"155","Tenualosa toli","Clupeidae",2,"habitat_coastal",NA,NA,NA,24.973488372093,36.0496626286123,43,24.973488372093
"156","Conger conger","Congridae",2,"habitat_benthic",NA,NA,NA,NA,NA,NA,43.0493696758551
"157","Conger myriaster","Congridae",1,"habitat_benthic",NA,NA,NA,NA,NA,NA,43.0493696758551
"158","Conger oceanicus","Congridae",1,"territorial",NA,NA,NA,NA,NA,NA,43.0493696758551
"159","Coryphaena hippurus","Coryphaenidae",3,"hms",NA,NA,NA,NA,NA,NA,43.0493696758551
"160","Scorpaenichthys marmoratus","Cottidae",2,"habitat_benthic",NA,NA,NA,42,NA,1,42
"161","Cyclopterus lumpus","Cyclopteridae",3,"migratory",NA,NA,NA,NA,NA,NA,43.0493696758551
"162","Cyttus traversi","Cyttidae",2,"habitat_deep",NA,NA,NA,NA,NA,NA,43.0493696758551
"163","Dactylopterus volitans","Dactylopteridae",2,"habitat_coastal",24,0,1,NA,NA,NA,24
"164","Dalatias licha","Dalatiidae",3,"deep",NA,NA,NA,NA,NA,NA,43.0493696758551
"165","Dasyatis americana","Dasyatidae",2,"habitat_benthic",NA,NA,NA,NA,NA,NA,43.0493696758551
"166","Dasyatis pastinaca","Dasyatidae",2,"habitat_benthic",NA,NA,NA,NA,NA,NA,43.0493696758551
"167","Himantura gerrardi","Dasyatidae",2,"habitat_benthic",NA,NA,NA,NA,NA,NA,43.0493696758551
"168","Tragulichthys jaculiferus","Diodontidae",2,"habitat_benthic",NA,NA,NA,NA,NA,NA,43.0493696758551
"169","Drepane africana","Drepaneidae",2,"habitat_coastal",NA,NA,NA,NA,NA,NA,43.0493696758551
"170","Drepane punctata","Drepaneidae",2,"habitat_coastal",NA,NA,NA,NA,NA,NA,43.0493696758551
"171","Dussumieria acuta","Dussumieriidae",2,"habitat_coastal",NA,NA,NA,2.8,1.89743686763662,4,2.8
"172","Dussumieria elopsoides","Dussumieriidae",2,"habitat_coastal",NA,NA,NA,2.8,1.89743686763662,4,2.8
"173","Etrumeus whiteheadi","Dussumieriidae",2,"habitat_coastal",NA,NA,NA,2.8,1.89743686763662,4,2.8
"174","Eledone cirrhosa","Eledonidae",2,"habitat_benthic",NA,NA,NA,NA,NA,NA,43.0493696758551
"175","Eleginops maclovinus","Eleginopsidae",2,"habitat_coastal",NA,NA,NA,NA,NA,NA,43.0493696758551
"176","Elops lacerta","Elopidae",2,"habitat_coastal",NA,NA,NA,NA,NA,NA,43.0493696758551
"177","Elops saurus","Elopidae",2,"habitat_coastal",NA,NA,NA,NA,NA,NA,43.0493696758551
"178","Plagiogeneion rubiginosum","Emmelichthyidae",3,"deep",NA,NA,NA,NA,NA,NA,43.0493696758551
"179","Anchoa nasus","Engraulidae",2,"habitat_coastal",NA,NA,NA,47.4545454545455,17.8514068709647,11,47.4545454545455
"180","Cetengraulis edentulus","Engraulidae",2,"habitat_coastal",NA,NA,NA,47.4545454545455,17.8514068709647,11,47.4545454545455
"181","Cetengraulis mysticetus","Engraulidae",2,"habitat_coastal",NA,NA,NA,47.4545454545455,17.8514068709647,11,47.4545454545455
"182","Encrasicholina punctifer","Engraulidae",3,"pelagic",NA,NA,NA,47.4545454545455,17.8514068709647,11,47.4545454545455
"183","Engraulis anchoita","Engraulidae",3,"migratory",NA,NA,NA,47.4545454545455,17.8514068709647,11,47.4545454545455
"184","Engraulis encrasicolus","Engraulidae",3,"migratory",37,0,1,47.4545454545455,17.8514068709647,11,37
"185","Engraulis japonicus","Engraulidae",3,"pelagic",47,0,1,47.4545454545455,17.8514068709647,11,47
"186","Engraulis mordax","Engraulidae",3,"pelagic",32.5,3.53553390593274,2,47.4545454545455,17.8514068709647,11,32.5
"187","Engraulis ringens","Engraulidae",3,"pelagic",74,0,1,47.4545454545455,17.8514068709647,11,74
"188","Epigonus telescopus","Epigonidae",2,"habitat_deep",NA,NA,NA,NA,NA,NA,43.0493696758551
"189","Etmopterus spinax","Etmopteridae",2,"deep",NA,NA,NA,NA,NA,NA,43.0493696758551
"190","Fistularia corneta","Fistulariidae",2,"habitat_reef",NA,NA,NA,NA,NA,NA,43.0493696758551
"191","Boreogadus saida","Gadidae",3,"migratory",NA,NA,NA,100.666666666667,53.9473122592776,9,100.666666666667
"192","Eleginus gracilis","Gadidae",2,"habitat_coastal",NA,NA,NA,100.666666666667,53.9473122592776,9,100.666666666667
"193","Gadiculus argenteus","Gadidae",2,"habitat_deep",NA,NA,NA,100.666666666667,53.9473122592776,9,100.666666666667
"194","Gadus macrocephalus","Gadidae",2,"habitat_deep",NA,NA,NA,100.666666666667,53.9473122592776,9,100.666666666667
"195","Gadus morhua","Gadidae",3,"migratory",125.125,9.75,4,100.666666666667,53.9473122592776,9,125.125
"196","Gadus ogac","Gadidae",2,"habitat_coastal",NA,NA,NA,100.666666666667,53.9473122592776,9,100.666666666667
"197","Melanogrammus aeglefinus","Gadidae",3,"migratory",141,1.4142135623731,2,100.666666666667,53.9473122592776,9,141
"198","Merlangius merlangus","Gadidae",3,"migratory",NA,NA,NA,100.666666666667,53.9473122592776,9,100.666666666667
"199","Microgadus tomcod","Gadidae",2,"habitat_coastal",NA,NA,NA,100.666666666667,53.9473122592776,9,100.666666666667
"200","Micromesistius australis","Gadidae",3,"migratory",NA,NA,NA,100.666666666667,53.9473122592776,9,100.666666666667
"201","Micromesistius poutassou","Gadidae",3,"migratory",7.75,5.30330085889911,2,100.666666666667,53.9473122592776,9,7.75
"202","Pollachius pollachius","Gadidae",3,"habitat_coastal",NA,NA,NA,100.666666666667,53.9473122592776,9,100.666666666667
"203","Pollachius virens","Gadidae",3,"migratory",NA,NA,NA,100.666666666667,53.9473122592776,9,100.666666666667
"204","Theragra chalcogramma","Gadidae",2,"habitat_deep",108,0,1,100.666666666667,53.9473122592776,9,108
"205","Trisopterus esmarkii","Gadidae",3,"migratory",NA,NA,NA,100.666666666667,53.9473122592776,9,100.666666666667
"206","Trisopterus luscus","Gadidae",2,"habitat_coastal",NA,NA,NA,100.666666666667,53.9473122592776,9,100.666666666667
"207","Trisopterus minutus","Gadidae",2,"habitat_benthic",NA,NA,NA,100.666666666667,53.9473122592776,9,100.666666666667
"208","Gasterosteus aculeatus","Gasterosteidae",2,"habitat_coastal",35,0,1,NA,NA,NA,35
"209","Lepidocybium flavobrunneum","Gempylidae",3,"migratory",NA,NA,NA,NA,NA,NA,43.0493696758551
"210","Promethichthys prometheus","Gempylidae",2,"habitat_deep",NA,NA,NA,NA,NA,NA,43.0493696758551
"211","Rexea solandri","Gempylidae",2,"migratory",NA,NA,NA,NA,NA,NA,43.0493696758551
"212","Ruvettus pretiosus","Gempylidae",3,"migratory",NA,NA,NA,NA,NA,NA,43.0493696758551
"213","Thyrsites atun","Gempylidae",2,"habitat_coastal",NA,NA,NA,NA,NA,NA,43.0493696758551
"214","Diapterus auratus","Gerreidae",2,"habitat_coastal",NA,NA,NA,NA,NA,NA,43.0493696758551
"215","Gerres nigri","Gerreidae",2,"habitat_benthic",NA,NA,NA,NA,NA,NA,43.0493696758551
"216","Gerres oblongus","Gerreidae",2,"habitat_reef",NA,NA,NA,NA,NA,NA,43.0493696758551
"217","Gerres oyena","Gerreidae",2,"habitat_coastal",NA,NA,NA,NA,NA,NA,43.0493696758551
"218","Chaceon affinis","Geryonidae",2,"habitat_benthic",NA,NA,NA,NA,NA,NA,43.0493696758551
"219","Chaceon fenneri","Geryonidae",2,"habitat_benthic",NA,NA,NA,NA,NA,NA,43.0493696758551
"220","Chaceon maritae","Geryonidae",2,"habitat_benthic",NA,NA,NA,NA,NA,NA,43.0493696758551
"221","Chaceon quinquedens","Geryonidae",2,"habitat_benthic",NA,NA,NA,NA,NA,NA,43.0493696758551
"222","Ginglymostoma cirratum","Ginglymostomatidae",2,"habitat_reef",NA,NA,NA,NA,NA,NA,43.0493696758551
"223","Aphia minuta","Gobiidae",2,"habitat_coastal",NA,NA,NA,34.9888461538462,15.9800936985796,26,34.9888461538462
"224","Gymnura altavela","Gymnuridae",2,"habitat_benthic",NA,NA,NA,NA,NA,NA,43.0493696758551
"225","Brachydeuterus auritus","Haemulidae",2,"habitat_coastal",NA,NA,NA,18.5613636363636,2.61058814341624,11,18.5613636363636
"226","Conodon nobilis","Haemulidae",2,"habitat_benthic",NA,NA,NA,18.5613636363636,2.61058814341624,11,18.5613636363636
"227","Diagramma pictum","Haemulidae",2,"habitat_reef",NA,NA,NA,18.5613636363636,2.61058814341624,11,18.5613636363636
"228","Haemulon plumierii","Haemulidae",2,"habitat_reef",22.6,0,1,18.5613636363636,2.61058814341624,11,22.6
"229","Isacia conceptionis","Haemulidae",2,"habitat_coastal",NA,NA,NA,18.5613636363636,2.61058814341624,11,18.5613636363636
"230","Plectorhinchus gaterinus","Haemulidae",2,"habitat_reef",NA,NA,NA,18.5613636363636,2.61058814341624,11,18.5613636363636
"231","Plectorhinchus mediterraneus","Haemulidae",2,"habitat_benthic",NA,NA,NA,18.5613636363636,2.61058814341624,11,18.5613636363636
"232","Plectorhinchus pictus","Haemulidae",2,"habitat_reef",NA,NA,NA,18.5613636363636,2.61058814341624,11,18.5613636363636
"233","Plectorhinchus schotaf","Haemulidae",2,"habitat_reef",NA,NA,NA,18.5613636363636,2.61058814341624,11,18.5613636363636
"234","Plectorhinchus sordidus","Haemulidae",2,"habitat_reef",NA,NA,NA,18.5613636363636,2.61058814341624,11,18.5613636363636
"235","Pomadasys argenteus","Haemulidae",2,"habitat_coastal",NA,NA,NA,18.5613636363636,2.61058814341624,11,18.5613636363636
"236","Pomadasys jubelini","Haemulidae",2,"habitat_coastal",NA,NA,NA,18.5613636363636,2.61058814341624,11,18.5613636363636
"237","Pomadasys kaakan","Haemulidae",2,"habitat_coastal",NA,NA,NA,18.5613636363636,2.61058814341624,11,18.5613636363636
"238","Pomadasys stridens","Haemulidae",2,"habitat_coastal",NA,NA,NA,18.5613636363636,2.61058814341624,11,18.5613636363636
"239","Haliotis rubra","Haliotidae",1,"sedentary",NA,NA,NA,6.16666666666667,1.25830573921179,3,6.16666666666667
"240","Hemiramphus balao","Hemiramphidae",3,"pelagic",NA,NA,NA,NA,NA,NA,43.0493696758551
"241","Hemiramphus brasiliensis","Hemiramphidae",2,"habitat_coastal",NA,NA,NA,NA,NA,NA,43.0493696758551
"242","Hexagrammos decagrammus","Hexagrammidae",2,"habitat_reef",NA,NA,NA,NA,NA,NA,43.0493696758551
"243","Ophiodon elongatus","Hexagrammidae",3,"migratory",NA,NA,NA,NA,NA,NA,43.0493696758551
"244","Pleurogrammus azonus","Hexagrammidae",2,"habitat_benthic",NA,NA,NA,NA,NA,NA,43.0493696758551
"245","Pleurogrammus monopterygius","Hexagrammidae",2,"habitat_coastal",NA,NA,NA,NA,NA,NA,43.0493696758551
"246","Hexanchus griseus","Hexanchidae",3,"deep",NA,NA,NA,NA,NA,NA,43.0493696758551
"247","Panopea abrupta","Hiatellidae",1,"sedentary",32,0,2,32,0,2,32
"248","Panopea generosa","Hiatellidae",1,"sedentary",NA,NA,NA,32,0,2,32
"249","Sargocentron spiniferum","Holocentridae",2,"habitat_reef",39.8,0,1,NA,NA,NA,39.8
"250","Istiophorus albicans","Istiophoridae",3,"hms",NA,NA,NA,NA,NA,NA,43.0493696758551
"251","Istiophorus platypterus","Istiophoridae",3,"hms",NA,NA,NA,NA,NA,NA,43.0493696758551
"252","Makaira nigricans","Istiophoridae",3,"hms",NA,NA,NA,NA,NA,NA,43.0493696758551
"253","Tetrapturus angustirostris","Istiophoridae",3,"hms",NA,NA,NA,NA,NA,NA,43.0493696758551
"254","Tetrapturus belone","Istiophoridae",3,"hms",NA,NA,NA,NA,NA,NA,43.0493696758551
"255","Tetrapturus pfluegeri","Istiophoridae",3,"hms",NA,NA,NA,NA,NA,NA,43.0493696758551
"256","Girella tricuspidata","Kyphosidae",2,"habitat_coastal",NA,NA,NA,75,21.2132034355964,2,75
"257","Cheilinus undulatus","Labridae",2,"habitat_reef",34.3,0,1,37.7380575539568,16.496933042925,139,34.3
"258","Ctenolabrus rupestris","Labridae",2,"habitat_reef",20.9,0,1,37.7380575539568,16.496933042925,139,20.9
"259","Labrus bergylta","Labridae",2,"habitat_reef",NA,NA,NA,37.7380575539568,16.496933042925,139,37.7380575539568
"260","Lachnolaimus maximus","Labridae",2,"habitat_reef",25.9,0.141421356237309,2,37.7380575539568,16.496933042925,139,25.9
"261","Semicossyphus pulcher","Labridae",2,"habitat_reef",47.4666666666667,8.73231546231201,3,37.7380575539568,16.496933042925,139,47.4666666666667
"262","Tautoga onitis","Labridae",2,"habitat_coastal",NA,NA,NA,37.7380575539568,16.496933042925,139,37.7380575539568
"263","Tautogolabrus adspersus","Labridae",2,"habitat_coastal",NA,NA,NA,37.7380575539568,16.496933042925,139,37.7380575539568
"264","Xyrichtys novacula","Labridae",2,"habitat_coastal",39,0,1,37.7380575539568,16.496933042925,139,39
"265","Lactarius lactarius","Lactariidae",2,"habitat_coastal",NA,NA,NA,NA,NA,NA,43.0493696758551
"266","Isurus oxyrinchus","Lamnidae",3,"migratory",NA,NA,NA,NA,NA,NA,43.0493696758551
"267","Lamna nasus","Lamnidae",3,"migratory",NA,NA,NA,NA,NA,NA,43.0493696758551
"268","Lampris guttatus","Lampridae",3,"pelagic",NA,NA,NA,NA,NA,NA,43.0493696758551
"269","Lateolabrax japonicus","Lateolabracidae",2,"habitat_reef",NA,NA,NA,NA,NA,NA,43.0493696758551
"270","Lates calcarifer","Latidae",2,"habitat_coastal",NA,NA,NA,NA,NA,NA,43.0493696758551
"271","Lethrinus atlanticus","Lethrinidae",2,"habitat_reef",NA,NA,NA,28.7166666666667,6.15076984587862,12,28.7166666666667
"272","Lethrinus borbonicus","Lethrinidae",2,"habitat_reef",NA,NA,NA,28.7166666666667,6.15076984587862,12,28.7166666666667
"273","Lethrinus harak","Lethrinidae",2,"habitat_reef",28,0,1,28.7166666666667,6.15076984587862,12,28
"274","Lethrinus lentjan","Lethrinidae",2,"habitat_reef",NA,NA,NA,28.7166666666667,6.15076984587862,12,28.7166666666667
"275","Lethrinus mahsena","Lethrinidae",2,"habitat_reef",NA,NA,NA,28.7166666666667,6.15076984587862,12,28.7166666666667
"276","Lethrinus microdon","Lethrinidae",2,"habitat_reef",NA,NA,NA,28.7166666666667,6.15076984587862,12,28.7166666666667
"277","Lethrinus nebulosus","Lethrinidae",2,"habitat_reef",32.7,0,1,28.7166666666667,6.15076984587862,12,32.7
"278","Lethrinus obsoletus","Lethrinidae",2,"habitat_reef",19.85,8.27314933988261,2,28.7166666666667,6.15076984587862,12,19.85
"279","Lethrinus xanthochilus","Lethrinidae",2,"habitat_reef",26.65,0,1,28.7166666666667,6.15076984587862,12,26.65
"280","Monotaxis grandoculis","Lethrinidae",2,"habitat_reef",33.3,0,1,28.7166666666667,6.15076984587862,12,33.3
"281","Lithodes santolla","Lithodidae",2,"habitat_benthic",NA,NA,NA,NA,NA,NA,43.0493696758551
"282","Loligo vulgaris","Loliginidae",3,"migratory",NA,NA,NA,NA,NA,NA,43.0493696758551
"283","Lophius americanus","Lophiidae",2,"habitat_benthic",NA,NA,NA,NA,NA,NA,43.0493696758551
"284","Lophius budegassa","Lophiidae",2,"habitat_benthic",NA,NA,NA,NA,NA,NA,43.0493696758551
"285","Lophius gastrophysus","Lophiidae",2,"habitat_benthic",NA,NA,NA,NA,NA,NA,43.0493696758551
"286","Lophius piscatorius","Lophiidae",2,"habitat_benthic",NA,NA,NA,NA,NA,NA,43.0493696758551
"287","Lophius vomerinus","Lophiidae",2,"habitat_benthic",NA,NA,NA,NA,NA,NA,43.0493696758551
"288","Brosme brosme","Lotidae",2,"habitat_benthic",NA,NA,NA,43,NA,1,43
"289","Molva dypterygia","Lotidae",2,"habitat_benthic",NA,NA,NA,43,NA,1,43
"290","Molva molva","Lotidae",2,"habitat_benthic",NA,NA,NA,43,NA,1,43
"291","Aphareus rutilans","Lutjanidae",2,"habitat_reef",NA,NA,NA,30.16375,8.03945694277808,24,30.16375
"292","Aprion virescens","Lutjanidae",2,"habitat_reef",NA,NA,NA,30.16375,8.03945694277808,24,30.16375
"293","Apsilus fuscus","Lutjanidae",2,"habitat_reef",NA,NA,NA,30.16375,8.03945694277808,24,30.16375
"294","Hoplopagrus guentherii","Lutjanidae",2,"habitat_reef",21.5,0,1,30.16375,8.03945694277808,24,21.5
"295","Lutjanus analis","Lutjanidae",2,"habitat_reef",31,0,1,30.16375,8.03945694277808,24,31
"296","Lutjanus argentimaculatus","Lutjanidae",2,"habitat_reef",NA,NA,NA,30.16375,8.03945694277808,24,30.16375
"297","Lutjanus argentiventris","Lutjanidae",2,"habitat_reef",22.9,0,1,30.16375,8.03945694277808,24,22.9
"298","Lutjanus bohar","Lutjanidae",2,"habitat_reef",NA,NA,NA,30.16375,8.03945694277808,24,30.16375
"299","Lutjanus buccanella","Lutjanidae",2,"habitat_coastal",26,0,1,30.16375,8.03945694277808,24,26
"300","Lutjanus campechanus","Lutjanidae",2,"habitat_reef",28,0,1,30.16375,8.03945694277808,24,28
"301","Lutjanus cyanopterus","Lutjanidae",2,"habitat_reef",29,0,1,30.16375,8.03945694277808,24,29
"302","Lutjanus gibbus","Lutjanidae",2,"habitat_reef",54,0,1,30.16375,8.03945694277808,24,54
"303","Lutjanus griseus","Lutjanidae",2,"habitat_reef",32.4,0,1,30.16375,8.03945694277808,24,32.4
"304","Lutjanus guttatus","Lutjanidae",2,"habitat_reef",24.15,0,1,30.16375,8.03945694277808,24,24.15
"305","Lutjanus johnii","Lutjanidae",2,"habitat_reef",NA,NA,NA,30.16375,8.03945694277808,24,30.16375
"306","Lutjanus kasmira","Lutjanidae",2,"habitat_reef",31,0,1,30.16375,8.03945694277808,24,31
"307","Lutjanus malabaricus","Lutjanidae",2,"habitat_reef",NA,NA,NA,30.16375,8.03945694277808,24,30.16375
"308","Lutjanus peru","Lutjanidae",2,"habitat_reef",NA,NA,NA,30.16375,8.03945694277808,24,30.16375
"309","Lutjanus purpureus","Lutjanidae",2,"habitat_reef",NA,NA,NA,30.16375,8.03945694277808,24,30.16375
"310","Lutjanus quinquelineatus","Lutjanidae",2,"habitat_reef",NA,NA,NA,30.16375,8.03945694277808,24,30.16375
"311","Lutjanus synagris","Lutjanidae",2,"habitat_reef",23.87,0,1,30.16375,8.03945694277808,24,23.87
"312","Lutjanus vivanus","Lutjanidae",2,"habitat_reef",NA,NA,NA,30.16375,8.03945694277808,24,30.16375
"313","Ocyurus chrysurus","Lutjanidae",2,"habitat_reef",30.9,0,1,30.16375,8.03945694277808,24,30.9
"314","Rhomboplites aurorubens","Lutjanidae",2,"habitat_reef",NA,NA,NA,30.16375,8.03945694277808,24,30.16375
"315","Coelorinchus chilensis","Macrouridae",2,"habitat_deep",NA,NA,NA,NA,NA,NA,43.0493696758551
"316","Coryphaenoides rupestris","Macrouridae",2,"habitat_deep",NA,NA,NA,NA,NA,NA,43.0493696758551
"317","Lepidorhynchus denticulatus","Macrouridae",2,"habitat_deep",NA,NA,NA,NA,NA,NA,43.0493696758551
"318","Macrourus berglax","Macrouridae",2,"habitat_deep",NA,NA,NA,NA,NA,NA,43.0493696758551
"319","Macrourus carinatus","Macrouridae",2,"habitat_deep",NA,NA,NA,NA,NA,NA,43.0493696758551
"320","Macrourus whitsoni","Macrouridae",2,"habitat_deep",NA,NA,NA,NA,NA,NA,43.0493696758551
"321","Spisula solida","Mactridae",1,"sedentary",NA,NA,NA,NA,NA,NA,43.0493696758551
"322","Spisula solidissima","Mactridae",1,"sedentary",NA,NA,NA,NA,NA,NA,43.0493696758551
"323","Caulolatilus microps","Malacanthidae",1,"sedentary",NA,NA,NA,NA,NA,NA,43.0493696758551
"324","Caulolatilus princeps","Malacanthidae",2,"habitat_reef",NA,NA,NA,NA,NA,NA,43.0493696758551
"325","Lopholatilus chamaeleonticeps","Malacanthidae",1,"sedentary",NA,NA,NA,NA,NA,NA,43.0493696758551
"326","Malacanthus plumieri","Malacanthidae",2,"habitat_benthic",NA,NA,NA,NA,NA,NA,43.0493696758551
"327","Megalops atlanticus","Megalopidae",3,"migratory",NA,NA,NA,NA,NA,NA,43.0493696758551
"328","Megalops cyprinoides","Megalopidae",2,"habitat_coastal",NA,NA,NA,NA,NA,NA,43.0493696758551
"329","Mene maculata","Menidae",2,"habitat_reef",NA,NA,NA,NA,NA,NA,43.0493696758551
"330","Macruronus magellanicus","Merlucciidae",3,"migratory",NA,NA,NA,88,NA,1,88
"331","Macruronus novaezelandiae","Merlucciidae",3,"deep",NA,NA,NA,88,NA,1,88
"332","Merluccius albidus","Merlucciidae",3,"pelagic",NA,NA,NA,88,NA,1,88
"333","Merluccius australis","Merlucciidae",3,"migratory",NA,NA,NA,88,NA,1,88
"334","Merluccius bilinearis","Merlucciidae",3,"migratory",NA,NA,NA,88,NA,1,88
"335","Merluccius capensis","Merlucciidae",3,"migratory",NA,NA,NA,88,NA,1,88
"336","Merluccius gayi","Merlucciidae",3,"migratory",NA,NA,NA,88,NA,1,88
"337","Merluccius hubbsi","Merlucciidae",3,"migratory",NA,NA,NA,88,NA,1,88
"338","Merluccius merluccius","Merlucciidae",2,"habitat_deep",NA,NA,NA,88,NA,1,88
"339","Merluccius polli","Merlucciidae",2,"habitat_deep",NA,NA,NA,88,NA,1,88
"340","Merluccius productus","Merlucciidae",3,"migratory",88,0,1,88,NA,1,88
"341","Merluccius senegalensis","Merlucciidae",3,"migratory",NA,NA,NA,88,NA,1,88
"342","Stephanolepis cirrhifer","Monacanthidae",2,"habitat_coastal",NA,NA,NA,28.45,9.5430603057929,4,28.45
"343","Antimora rostrata","Moridae",3,"deep",NA,NA,NA,NA,NA,NA,43.0493696758551
"344","Mora moro","Moridae",3,"deep",NA,NA,NA,NA,NA,NA,43.0493696758551
"345","Pseudophycis bachus","Moridae",2,"habitat_benthic",NA,NA,NA,NA,NA,NA,43.0493696758551
"346","Salilota australis","Moridae",3,"deep",NA,NA,NA,NA,NA,NA,43.0493696758551
"347","Dicentrarchus labrax","Moronidae",2,"habitat_coastal",49.1766666666667,1.30082025404486,3,51.0421428571429,15.7505771218178,14,49.1766666666667
"348","Dicentrarchus punctatus","Moronidae",2,"habitat_coastal",NA,NA,NA,51.0421428571429,15.7505771218178,14,51.0421428571429
"349","Morone saxatilis","Moronidae",2,"habitat_coastal",33,0,1,51.0421428571429,15.7505771218178,14,33
"350","Joturus pichardi","Mugilidae",2,"habitat_coastal",NA,NA,NA,45.1025,0.0818026079453879,4,45.1025
"351","Liza aurata","Mugilidae",2,"habitat_coastal",NA,NA,NA,45.1025,0.0818026079453879,4,45.1025
"352","Liza klunzingeri","Mugilidae",2,"habitat_coastal",NA,NA,NA,45.1025,0.0818026079453879,4,45.1025
"353","Liza saliens","Mugilidae",2,"habitat_coastal",NA,NA,NA,45.1025,0.0818026079453879,4,45.1025
"354","Mugil cephalus","Mugilidae",2,"habitat_coastal",NA,NA,NA,45.1025,0.0818026079453879,4,45.1025
"355","Mugil curema","Mugilidae",2,"habitat_coastal",NA,NA,NA,45.1025,0.0818026079453879,4,45.1025
"356","Mugil liza","Mugilidae",3,"migratory",NA,NA,NA,45.1025,0.0818026079453879,4,45.1025
"357","Mulloidichthys flavolineatus","Mullidae",2,"habitat_reef",60.1,0,1,37.4666666666667,14.9738104702844,9,60.1
"358","Mullus argentinae","Mullidae",2,"habitat_benthic",NA,NA,NA,37.4666666666667,14.9738104702844,9,37.4666666666667
"359","Mullus barbatus","Mullidae",2,"habitat_benthic",NA,NA,NA,37.4666666666667,14.9738104702844,9,37.4666666666667
"360","Mullus surmuletus","Mullidae",2,"habitat_benthic",30.1,0,1,37.4666666666667,14.9738104702844,9,30.1
"361","Pseudupeneus prayensis","Mullidae",2,"habitat_benthic",NA,NA,NA,37.4666666666667,14.9738104702844,9,37.4666666666667
"362","Cynoponticus coniceps","Muraenesocidae",1,"sedentary",NA,NA,NA,NA,NA,NA,43.0493696758551
"363","Muraenesox cinereus","Muraenesocidae",1,"sedentary",NA,NA,NA,NA,NA,NA,43.0493696758551
"364","Muraena helena","Muraenidae",1,"territorial",NA,NA,NA,54.6,NA,1,54.6
"365","Myliobatis aquila","Myliobatidae",2,"habitat_coastal",NA,NA,NA,NA,NA,NA,43.0493696758551
"366","Mytilus coruscus","Mytilidae",1,"sedentary",NA,NA,NA,45,NA,1,45
"367","Mytilus edulis","Mytilidae",1,"sedentary",NA,NA,NA,45,NA,1,45
"368","Mytilus galloprovincialis","Mytilidae",1,"sedentary",NA,NA,NA,45,NA,1,45
"369","Eptatretus cirrhatus","Myxinidae",2,"habitat_benthic",NA,NA,NA,NA,NA,NA,43.0493696758551
"370","Nemipterus japonicus","Nemipteridae",2,"habitat_benthic",NA,NA,NA,21,3.46410161513775,3,21
"371","Nemipterus virgatus","Nemipteridae",2,"habitat_benthic",NA,NA,NA,21,3.46410161513775,3,21
"372","Scolopsis taeniata","Nemipteridae",2,"habitat_reef",NA,NA,NA,21,3.46410161513775,3,21
"373","Homarus americanus","Nephropidae",2,"habitat_benthic",NA,NA,NA,NA,NA,NA,43.0493696758551
"374","Homarus gammarus","Nephropidae",1,"territorial",NA,NA,NA,NA,NA,NA,43.0493696758551
"375","Nephrops norvegicus","Nephropidae",1,"sedentary",NA,NA,NA,NA,NA,NA,43.0493696758551
"376","Normanichthys crockeri","Normanichthyidae",2,"habitat_coastal",NA,NA,NA,NA,NA,NA,43.0493696758551
"377","Dissostichus eleginoides","Nototheniidae",3,"deep",NA,NA,NA,333.5,301.934595566656,2,333.5
"378","Dissostichus mawsoni","Nototheniidae",3,"deep",547,0,1,333.5,301.934595566656,2,547
"379","Patagonotothen ramsayi","Nototheniidae",3,"deep",NA,NA,NA,333.5,301.934595566656,2,333.5
"380","Octopus maya","Octopodidae",2,"habitat_coastal",NA,NA,NA,NA,NA,NA,43.0493696758551
"381","Octopus vulgaris","Octopodidae",2,"habitat_reef",NA,NA,NA,NA,NA,NA,43.0493696758551
"382","Dosidicus gigas","Ommastrephidae",3,"pelagic",NA,NA,NA,NA,NA,NA,43.0493696758551
"383","Illex argentinus","Ommastrephidae",3,"pelagic",NA,NA,NA,NA,NA,NA,43.0493696758551
"384","Illex coindetii","Ommastrephidae",3,"migratory",NA,NA,NA,NA,NA,NA,43.0493696758551
"385","Illex illecebrosus","Ommastrephidae",3,"pelagic",NA,NA,NA,NA,NA,NA,43.0493696758551
"386","Todarodes pacificus","Ommastrephidae",3,"pelagic",NA,NA,NA,NA,NA,NA,43.0493696758551
"387","Todarodes sagittatus","Ommastrephidae",3,"migratory",NA,NA,NA,NA,NA,NA,43.0493696758551
"388","Brotula barbata","Ophidiidae",2,"habitat_benthic",NA,NA,NA,NA,NA,NA,43.0493696758551
"389","Genypterus blacodes","Ophidiidae",2,"habitat_benthic",NA,NA,NA,NA,NA,NA,43.0493696758551
"390","Genypterus capensis","Ophidiidae",2,"habitat_benthic",NA,NA,NA,NA,NA,NA,43.0493696758551
"391","Genypterus chilensis","Ophidiidae",2,"habitat_benthic",NA,NA,NA,NA,NA,NA,43.0493696758551
"392","Genypterus maculatus","Ophidiidae",2,"habitat_benthic",NA,NA,NA,NA,NA,NA,43.0493696758551
"393","Chionoecetes japonicus","Oregoniidae",2,"habitat_benthic",NA,NA,NA,NA,NA,NA,43.0493696758551
"394","Chionoecetes opilio","Oregoniidae",2,"habitat_benthic",NA,NA,NA,NA,NA,NA,43.0493696758551
"395","Allocyttus niger","Oreosomatidae",2,"habitat_deep",NA,NA,NA,NA,NA,NA,43.0493696758551
"396","Pseudocyttus maculatus","Oreosomatidae",2,"habitat_deep",NA,NA,NA,NA,NA,NA,43.0493696758551
"397","Mallotus villosus","Osmeridae",3,"migratory",150,0,1,150,NA,1,150
"398","Osmerus eperlanus","Osmeridae",2,"habitat_coastal",NA,NA,NA,150,NA,1,150
"399","Osmerus mordax","Osmeridae",2,"habitat_coastal",NA,NA,NA,150,NA,1,150
"400","Crassostrea gigas","Ostreidae",1,"sedentary",NA,NA,NA,13.75,5.30330085889911,2,13.75
"401","Crassostrea virginica","Ostreidae",1,"sedentary",17.5,0,1,13.75,5.30330085889911,2,17.5
"402","Oxynotus centrina","Oxynotidae",2,"habitat_benthic",NA,NA,NA,NA,NA,NA,43.0493696758551
"403","Nematopalaemon hastatus","Palaemonidae",2,"habitat_coastal",NA,NA,NA,NA,NA,NA,43.0493696758551
"404","Nematopalaemon schmitti","Palaemonidae",2,"habitat_coastal",NA,NA,NA,NA,NA,NA,43.0493696758551
"405","Jasus edwardsii","Palinuridae",2,"habitat_benthic",NA,NA,NA,NA,NA,NA,43.0493696758551
"406","Jasus lalandii","Palinuridae",2,"habitat_benthic",NA,NA,NA,NA,NA,NA,43.0493696758551
"407","Palinurus delagoae","Palinuridae",2,"habitat_benthic",NA,NA,NA,NA,NA,NA,43.0493696758551
"408","Palinurus elephas","Palinuridae",2,"habitat_benthic",NA,NA,NA,NA,NA,NA,43.0493696758551
"409","Palinurus gilchristi","Palinuridae",2,"habitat_benthic",NA,NA,NA,NA,NA,NA,43.0493696758551
"410","Palinurus mauritanicus","Palinuridae",2,"habitat_benthic",NA,NA,NA,NA,NA,NA,43.0493696758551
"411","Panulirus argus","Palinuridae",2,"habitat_benthic",NA,NA,NA,NA,NA,NA,43.0493696758551
"412","Panulirus cygnus","Palinuridae",2,"habitat_benthic",NA,NA,NA,NA,NA,NA,43.0493696758551
"413","Panulirus gracilis","Palinuridae",3,"migratory",NA,NA,NA,NA,NA,NA,43.0493696758551
"414","Panulirus homarus","Palinuridae",2,"habitat_benthic",NA,NA,NA,NA,NA,NA,43.0493696758551
"415","Panulirus longipes","Palinuridae",2,"habitat_benthic",NA,NA,NA,NA,NA,NA,43.0493696758551
"416","Pandalus borealis","Pandalidae",3,"deep",105,0,1,105,NA,1,105
"417","Pandalus hypsinotus","Pandalidae",2,"habitat_benthic",NA,NA,NA,105,NA,1,105
"418","Pandalus jordani","Pandalidae",2,"habitat_benthic",NA,NA,NA,105,NA,1,105
"419","Pandalus kessleri","Pandalidae",2,"habitat_benthic",NA,NA,NA,105,NA,1,105
"420","Citharichthys sordidus","Paralichthyidae",2,"habitat_benthic",NA,NA,NA,102.77,1.89739294823186,3,102.77
"421","Paralichthys californicus","Paralichthyidae",2,"habitat_benthic",NA,NA,NA,102.77,1.89739294823186,3,102.77
"422","Paralichthys dentatus","Paralichthyidae",2,"habitat_benthic",102.77,1.89739294823186,3,102.77,1.89739294823186,3,102.77
"423","Paralichthys olivaceus","Paralichthyidae",2,"habitat_benthic",NA,NA,NA,102.77,1.89739294823186,3,102.77
"424","Loxechinus albus","Parechinidae",1,"sedentary",26.5,0,1,NA,NA,NA,26.5
"425","Aequipecten opercularis","Pectinidae",1,"sedentary",NA,NA,NA,25,0.866025403784439,3,25
"426","Argopecten irradians","Pectinidae",1,"sedentary",NA,NA,NA,25,0.866025403784439,3,25
"427","Argopecten ventricosus","Pectinidae",1,"sedentary",NA,NA,NA,25,0.866025403784439,3,25
"428","Pecten jacobaeus","Pectinidae",1,"sedentary",24.5,0,1,25,0.866025403784439,3,24.5
"429","Pecten maximus","Pectinidae",1,"sedentary",25.25,1.06066017177982,2,25,0.866025403784439,3,25.25
"430","Pecten novaezelandiae","Pectinidae",1,"sedentary",NA,NA,NA,25,0.866025403784439,3,25
"431","Placopecten magellanicus","Pectinidae",1,"sedentary",NA,NA,NA,25,0.866025403784439,3,25
"432","Artemesia longinaris","Penaeidae",2,"habitat_benthic",NA,NA,NA,14,0,2,14
"433","Metapenaeus endeavouri","Penaeidae",2,"habitat_benthic",NA,NA,NA,14,0,2,14
"434","Metapenaeus joyneri","Penaeidae",2,"habitat_coastal",NA,NA,NA,14,0,2,14
"435","Metapenaeus monoceros","Penaeidae",1,"sedentary",NA,NA,NA,14,0,2,14
"436","Parapenaeus longirostris","Penaeidae",2,"habitat_benthic",NA,NA,NA,14,0,2,14
"437","Penaeus monodon","Penaeidae",2,"habitat_benthic",14,0,2,14,0,2,14
"438","Penaeus penicillatus","Penaeidae",2,"habitat_benthic",NA,NA,NA,14,0,2,14
"439","Penaeus semisulcatus","Penaeidae",3,"migratory",NA,NA,NA,14,0,2,14
"440","Xiphopenaeus kroyeri","Penaeidae",2,"habitat_benthic",NA,NA,NA,14,0,2,14
"441","Paristiopterus labiosus","Pentacerotidae",2,"habitat_benthic",NA,NA,NA,NA,NA,NA,43.0493696758551
"442","Galeus melastomus","Pentanchidae",2,"habitat_deep",NA,NA,NA,NA,NA,NA,43.0493696758551
"443","Percophis brasiliensis","Percophidae",2,"habitat_coastal",NA,NA,NA,NA,NA,NA,43.0493696758551
"444","Petromyzon marinus","Petromyzontidae",3,"migratory",NA,NA,NA,NA,NA,NA,43.0493696758551
"445","Phycis blennoides","Phycidae",3,"migratory",NA,NA,NA,NA,NA,NA,43.0493696758551
"446","Phycis phycis","Phycidae",2,"habitat_benthic",NA,NA,NA,NA,NA,NA,43.0493696758551
"447","Urophycis brasiliensis","Phycidae",2,"habitat_benthic",NA,NA,NA,NA,NA,NA,43.0493696758551
"448","Urophycis chuss","Phycidae",3,"migratory",NA,NA,NA,NA,NA,NA,43.0493696758551
"449","Urophycis tenuis","Phycidae",3,"migratory",NA,NA,NA,NA,NA,NA,43.0493696758551
"450","Parapercis colias","Pinguipedidae",1,"habitat_coastal",NA,NA,NA,41.6,NA,1,41.6
"451","Prolatilus jugularis","Pinguipedidae",2,"habitat_benthic",NA,NA,NA,41.6,NA,1,41.6
"452","Pseudopercis semifasciata","Pinguipedidae",2,"habitat_benthic",NA,NA,NA,41.6,NA,1,41.6
"453","Grammoplites suppositus","Platycephalidae",2,"habitat_benthic",NA,NA,NA,NA,NA,NA,43.0493696758551
"454","Platycephalus indicus","Platycephalidae",2,"habitat_benthic",NA,NA,NA,NA,NA,NA,43.0493696758551
"455","Atheresthes evermanni","Pleuronectidae",2,"habitat_benthic",NA,NA,NA,93.5,9.19238815542512,2,93.5
"456","Atheresthes stomias","Pleuronectidae",2,"habitat_benthic",NA,NA,NA,93.5,9.19238815542512,2,93.5
"457","Eopsetta jordani","Pleuronectidae",2,"habitat_benthic",NA,NA,NA,93.5,9.19238815542512,2,93.5
"458","Glyptocephalus cynoglossus","Pleuronectidae",2,"habitat_benthic",NA,NA,NA,93.5,9.19238815542512,2,93.5
"459","Glyptocephalus zachirus","Pleuronectidae",2,"habitat_benthic",NA,NA,NA,93.5,9.19238815542512,2,93.5
"460","Hippoglossoides elassodon","Pleuronectidae",2,"habitat_benthic",NA,NA,NA,93.5,9.19238815542512,2,93.5
"461","Hippoglossoides platessoides","Pleuronectidae",2,"habitat_benthic",NA,NA,NA,93.5,9.19238815542512,2,93.5
"462","Hippoglossus hippoglossus","Pleuronectidae",2,"habitat_benthic",NA,NA,NA,93.5,9.19238815542512,2,93.5
"463","Lepidopsetta bilineata","Pleuronectidae",2,"habitat_benthic",NA,NA,NA,93.5,9.19238815542512,2,93.5
"464","Limanda aspera","Pleuronectidae",2,"habitat_benthic",NA,NA,NA,93.5,9.19238815542512,2,93.5
"465","Limanda ferruginea","Pleuronectidae",2,"habitat_benthic",NA,NA,NA,93.5,9.19238815542512,2,93.5
"466","Limanda limanda","Pleuronectidae",2,"habitat_benthic",NA,NA,NA,93.5,9.19238815542512,2,93.5
"467","Microstomus kitt","Pleuronectidae",2,"habitat_benthic",NA,NA,NA,93.5,9.19238815542512,2,93.5
"468","Microstomus pacificus","Pleuronectidae",2,"habitat_benthic",NA,NA,NA,93.5,9.19238815542512,2,93.5
"469","Platichthys flesus","Pleuronectidae",2,"habitat_benthic",NA,NA,NA,93.5,9.19238815542512,2,93.5
"470","Platichthys stellatus","Pleuronectidae",2,"habitat_benthic",NA,NA,NA,93.5,9.19238815542512,2,93.5
"471","Pleuronectes platessa","Pleuronectidae",3,"migratory",100,0,1,93.5,9.19238815542512,2,100
"472","Psettichthys melanostictus","Pleuronectidae",2,"habitat_benthic",NA,NA,NA,93.5,9.19238815542512,2,93.5
"473","Pseudopleuronectes americanus","Pleuronectidae",2,"habitat_benthic",87,0,1,93.5,9.19238815542512,2,87
"474","Reinhardtius hippoglossoides","Pleuronectidae",2,"habitat_benthic",NA,NA,NA,93.5,9.19238815542512,2,93.5
"475","Eleutheronema tetradactylum","Polynemidae",2,"habitat_coastal",NA,NA,NA,NA,NA,NA,43.0493696758551
"476","Galeoides decadactylus","Polynemidae",2,"habitat_coastal",NA,NA,NA,NA,NA,NA,43.0493696758551
"477","Pentanemus quinquarius","Polynemidae",2,"habitat_coastal",NA,NA,NA,NA,NA,NA,43.0493696758551
"478","Polydactylus quadrifilis","Polynemidae",2,"habitat_coastal",NA,NA,NA,NA,NA,NA,43.0493696758551
"479","Polyprion americanus","Polyprionidae",2,"habitat_benthic",NA,NA,NA,NA,NA,NA,43.0493696758551
"480","Stereolepis gigas","Polyprionidae",2,"habitat_benthic",NA,NA,NA,NA,NA,NA,43.0493696758551
"481","Pomacanthus maculosus","Pomacanthidae",2,"habitat_reef",NA,NA,NA,26.7616216216216,6.07931214745436,37,26.7616216216216
"482","Pomatomus saltatrix","Pomatomidae",3,"migratory",NA,NA,NA,NA,NA,NA,43.0493696758551
"483","Callinectes danae","Portunidae",2,"habitat_coastal",NA,NA,NA,NA,NA,NA,43.0493696758551
"484","Callinectes sapidus","Portunidae",2,"habitat_coastal",NA,NA,NA,NA,NA,NA,43.0493696758551
"485","Portunus pelagicus","Portunidae",2,"habitat_coastal",NA,NA,NA,NA,NA,NA,43.0493696758551
"486","Portunus trituberculatus","Portunidae",3,"migratory",NA,NA,NA,NA,NA,NA,43.0493696758551
"487","Scylla serrata","Portunidae",2,"habitat_coastal",NA,NA,NA,NA,NA,NA,43.0493696758551
"488","Priacanthus macracanthus","Priacanthidae",2,"habitat_reef",NA,NA,NA,NA,NA,NA,43.0493696758551
"489","Ilisha africana","Pristigasteridae",2,"habitat_coastal",NA,NA,NA,NA,NA,NA,43.0493696758551
"490","Ilisha elongata","Pristigasteridae",2,"habitat_coastal",NA,NA,NA,NA,NA,NA,43.0493696758551
"491","Pellona ditchela","Pristigasteridae",3,"pelagic",NA,NA,NA,NA,NA,NA,43.0493696758551
"492","Psettodes erumei","Psettodidae",2,"habitat_benthic",NA,NA,NA,NA,NA,NA,43.0493696758551
"493","Rachycentron canadum","Rachycentridae",3,"hms",NA,NA,NA,NA,NA,NA,43.0493696758551
"494","Dipturus innominatus","Rajidae",2,"habitat_benthic",NA,NA,NA,NA,NA,NA,43.0493696758551
"495","Raja clavata","Rajidae",2,"habitat_benthic",NA,NA,NA,NA,NA,NA,43.0493696758551
"496","Raja rhina","Rajidae",2,"habitat_benthic",NA,NA,NA,NA,NA,NA,43.0493696758551
"497","Zearaja chilensis","Rajidae",2,"habitat_benthic",NA,NA,NA,NA,NA,NA,43.0493696758551
"498","Rhinobatos planiceps","Rhinobatidae",2,"habitat_benthic",NA,NA,NA,NA,NA,NA,43.0493696758551
"499","Rhynchobatus australiae","Rhinobatidae",2,"habitat_benthic",NA,NA,NA,NA,NA,NA,43.0493696758551
"500","Rhynchobatus djiddensis","Rhinobatidae",2,"habitat_benthic",NA,NA,NA,NA,NA,NA,43.0493696758551
"501","Coregonus albula","Salmonidae",3,"migratory",28,0,1,36.6153846153846,34.7312022575725,13,28
"502","Coregonus lavaretus","Salmonidae",2,"habitat_coastal",19,0,1,36.6153846153846,34.7312022575725,13,19
"503","Oncorhynchus gorbuscha","Salmonidae",3,"migratory",NA,NA,NA,36.6153846153846,34.7312022575725,13,36.6153846153846
"504","Oncorhynchus keta","Salmonidae",3,"migratory",NA,NA,NA,36.6153846153846,34.7312022575725,13,36.6153846153846
"505","Oncorhynchus kisutch","Salmonidae",3,"migratory",NA,NA,NA,36.6153846153846,34.7312022575725,13,36.6153846153846
"506","Oncorhynchus masou","Salmonidae",3,"migratory",NA,NA,NA,36.6153846153846,34.7312022575725,13,36.6153846153846
"507","Oncorhynchus nerka","Salmonidae",3,"migratory",NA,NA,NA,36.6153846153846,34.7312022575725,13,36.6153846153846
"508","Oncorhynchus tshawytscha","Salmonidae",3,"migratory",NA,NA,NA,36.6153846153846,34.7312022575725,13,36.6153846153846
"509","Salmo salar","Salmonidae",3,"migratory",NA,NA,NA,36.6153846153846,34.7312022575725,13,36.6153846153846
"510","Salmo trutta","Salmonidae",3,"migratory",NA,NA,NA,36.6153846153846,34.7312022575725,13,36.6153846153846
"511","Salvelinus alpinus","Salmonidae",3,"migratory",NA,NA,NA,36.6153846153846,34.7312022575725,13,36.6153846153846
"512","Bolbometopon muricatum","Scaridae",2,"habitat_reef",31,0,1,52.65,6.15182899632297,2,31
"513","Scarus ghobban","Scaridae",2,"habitat_reef",29.7,0,1,52.65,6.15182899632297,2,29.7
"514","Scarus persicus","Scaridae",2,"habitat_reef",NA,NA,NA,52.65,6.15182899632297,2,52.65
"515","Sparisoma cretense","Scaridae",2,"habitat_coastal",NA,NA,NA,52.65,6.15182899632297,2,52.65
"516","Argyrosomus hololepidotus","Sciaenidae",2,"habitat_coastal",NA,NA,NA,20.875,1.65201896679992,4,20.875
"517","Argyrosomus regius","Sciaenidae",3,"migratory",NA,NA,NA,20.875,1.65201896679992,4,20.875
"518","Atractoscion aequidens","Sciaenidae",2,"habitat_coastal",NA,NA,NA,20.875,1.65201896679992,4,20.875
"519","Atractoscion nobilis","Sciaenidae",2,"habitat_coastal",NA,NA,NA,20.875,1.65201896679992,4,20.875
"520","Atrobucca nibe","Sciaenidae",2,"habitat_coastal",NA,NA,NA,20.875,1.65201896679992,4,20.875
"521","Cilus gilberti","Sciaenidae",2,"habitat_benthic",NA,NA,NA,20.875,1.65201896679992,4,20.875
"522","Cynoscion acoupa","Sciaenidae",2,"habitat_coastal",NA,NA,NA,20.875,1.65201896679992,4,20.875
"523","Cynoscion analis","Sciaenidae",2,"habitat_coastal",NA,NA,NA,20.875,1.65201896679992,4,20.875
"524","Cynoscion arenarius","Sciaenidae",2,"habitat_coastal",NA,NA,NA,20.875,1.65201896679992,4,20.875
"525","Cynoscion guatucupa","Sciaenidae",2,"habitat_coastal",NA,NA,NA,20.875,1.65201896679992,4,20.875
"526","Cynoscion jamaicensis","Sciaenidae",2,"habitat_coastal",NA,NA,NA,20.875,1.65201896679992,4,20.875
"527","Cynoscion leiarchus","Sciaenidae",2,"habitat_coastal",NA,NA,NA,20.875,1.65201896679992,4,20.875
"528","Cynoscion nebulosus","Sciaenidae",2,"habitat_coastal",19.5,0.707106781186548,2,20.875,1.65201896679992,4,19.5
"529","Cynoscion regalis","Sciaenidae",2,"habitat_coastal",NA,NA,NA,20.875,1.65201896679992,4,20.875
"530","Cynoscion striatus","Sciaenidae",2,"habitat_reef",NA,NA,NA,20.875,1.65201896679992,4,20.875
"531","Cynoscion virescens","Sciaenidae",2,"habitat_coastal",NA,NA,NA,20.875,1.65201896679992,4,20.875
"532","Genyonemus lineatus","Sciaenidae",2,"habitat_benthic",NA,NA,NA,20.875,1.65201896679992,4,20.875
"533","Isopisthus parvipinnis","Sciaenidae",2,"habitat_coastal",NA,NA,NA,20.875,1.65201896679992,4,20.875
"534","Larimichthys polyactis","Sciaenidae",2,"habitat_coastal",NA,NA,NA,20.875,1.65201896679992,4,20.875
"535","Larimus breviceps","Sciaenidae",2,"habitat_coastal",NA,NA,NA,20.875,1.65201896679992,4,20.875
"536","Leiostomus xanthurus","Sciaenidae",2,"habitat_coastal",NA,NA,NA,20.875,1.65201896679992,4,20.875
"537","Macrodon ancylodon","Sciaenidae",2,"habitat_coastal",NA,NA,NA,20.875,1.65201896679992,4,20.875
"538","Menticirrhus littoralis","Sciaenidae",2,"habitat_coastal",NA,NA,NA,20.875,1.65201896679992,4,20.875
"539","Menticirrhus saxatilis","Sciaenidae",2,"habitat_coastal",NA,NA,NA,20.875,1.65201896679992,4,20.875
"540","Micropogonias furnieri","Sciaenidae",2,"habitat_coastal",NA,NA,NA,20.875,1.65201896679992,4,20.875
"541","Micropogonias undulatus","Sciaenidae",2,"habitat_coastal",NA,NA,NA,20.875,1.65201896679992,4,20.875
"542","Miichthys miiuy","Sciaenidae",2,"habitat_coastal",NA,NA,NA,20.875,1.65201896679992,4,20.875
"543","Otolithes ruber","Sciaenidae",2,"habitat_coastal",NA,NA,NA,20.875,1.65201896679992,4,20.875
"544","Paralonchurus peruanus","Sciaenidae",2,"habitat_coastal",NA,NA,NA,20.875,1.65201896679992,4,20.875
"545","Pennahia anea","Sciaenidae",2,"habitat_coastal",NA,NA,NA,20.875,1.65201896679992,4,20.875
"546","Pennahia argentata","Sciaenidae",2,"habitat_coastal",NA,NA,NA,20.875,1.65201896679992,4,20.875
"547","Pogonias cromis","Sciaenidae",2,"habitat_coastal",NA,NA,NA,20.875,1.65201896679992,4,20.875
"548","Pseudotolithus elongatus","Sciaenidae",2,"habitat_coastal",NA,NA,NA,20.875,1.65201896679992,4,20.875
"549","Pseudotolithus senegalensis","Sciaenidae",2,"habitat_coastal",NA,NA,NA,20.875,1.65201896679992,4,20.875
"550","Pseudotolithus senegallus","Sciaenidae",2,"habitat_coastal",NA,NA,NA,20.875,1.65201896679992,4,20.875
"551","Pteroscion peli","Sciaenidae",2,"habitat_benthic",NA,NA,NA,20.875,1.65201896679992,4,20.875
"552","Sciaenops ocellatus","Sciaenidae",2,"habitat_benthic",22,0,1,20.875,1.65201896679992,4,22
"553","Umbrina canariensis","Sciaenidae",2,"habitat_benthic",NA,NA,NA,20.875,1.65201896679992,4,20.875
"554","Umbrina canosai","Sciaenidae",2,"habitat_benthic",NA,NA,NA,20.875,1.65201896679992,4,20.875
"555","Umbrina cirrosa","Sciaenidae",2,"habitat_reef",NA,NA,NA,20.875,1.65201896679992,4,20.875
"556","Cololabis saira","Scomberesocidae",3,"pelagic",NA,NA,NA,NA,NA,NA,43.0493696758551
"557","Scomberesox saurus","Scomberesocidae",3,"pelagic",NA,NA,NA,NA,NA,NA,43.0493696758551
"558","Acanthocybium solandri","Scombridae",3,"pelagic",NA,NA,NA,24.4206818181818,11.9823401833072,44,24.4206818181818
"559","Allothunnus fallai","Scombridae",3,"pelagic",NA,NA,NA,24.4206818181818,11.9823401833072,44,24.4206818181818
"560","Auxis thazard","Scombridae",3,"pelagic",10,0,2,24.4206818181818,11.9823401833072,44,10
"561","Euthynnus affinis","Scombridae",3,"pelagic",NA,NA,NA,24.4206818181818,11.9823401833072,44,24.4206818181818
"562","Euthynnus alletteratus","Scombridae",3,"hms",24,0,1,24.4206818181818,11.9823401833072,44,24
"563","Euthynnus lineatus","Scombridae",3,"pelagic",NA,NA,NA,24.4206818181818,11.9823401833072,44,24.4206818181818
"564","Gasterochisma melampus","Scombridae",3,"deep",NA,NA,NA,24.4206818181818,11.9823401833072,44,24.4206818181818
"565","Gymnosarda unicolor","Scombridae",3,"pelagic",NA,NA,NA,24.4206818181818,11.9823401833072,44,24.4206818181818
"566","Katsuwonus pelamis","Scombridae",3,"pelagic",21.1,0,1,24.4206818181818,11.9823401833072,44,21.1
"567","Orcynopsis unicolor","Scombridae",3,"hms",NA,NA,NA,24.4206818181818,11.9823401833072,44,24.4206818181818
"568","Rastrelliger brachysoma","Scombridae",3,"pelagic",NA,NA,NA,24.4206818181818,11.9823401833072,44,24.4206818181818
"569","Rastrelliger kanagurta","Scombridae",3,"pelagic",NA,NA,NA,24.4206818181818,11.9823401833072,44,24.4206818181818
"570","Sarda chiliensis","Scombridae",3,"pelagic",NA,NA,NA,24.4206818181818,11.9823401833072,44,24.4206818181818
"571","Sarda orientalis","Scombridae",3,"pelagic",NA,NA,NA,24.4206818181818,11.9823401833072,44,24.4206818181818
"572","Sarda sarda","Scombridae",3,"hms",NA,NA,NA,24.4206818181818,11.9823401833072,44,24.4206818181818
"573","Scomber australasicus","Scombridae",3,"hms",NA,NA,NA,24.4206818181818,11.9823401833072,44,24.4206818181818
"574","Scomber japonicus","Scombridae",3,"hms",19.06,0.0282842712474613,2,24.4206818181818,11.9823401833072,44,19.06
"575","Scomber scombrus","Scombridae",3,"hms",45.36,2.29416651531662,4,24.4206818181818,11.9823401833072,44,45.36
"576","Scomberomorus brasiliensis","Scombridae",2,"habitat_coastal",NA,NA,NA,24.4206818181818,11.9823401833072,44,24.4206818181818
"577","Scomberomorus cavalla","Scombridae",3,"hms",12,0,1,24.4206818181818,11.9823401833072,44,12
"578","Scomberomorus commerson","Scombridae",3,"hms",NA,NA,NA,24.4206818181818,11.9823401833072,44,24.4206818181818
"579","Scomberomorus guttatus","Scombridae",3,"hms",NA,NA,NA,24.4206818181818,11.9823401833072,44,24.4206818181818
"580","Scomberomorus lineolatus","Scombridae",3,"pelagic",NA,NA,NA,24.4206818181818,11.9823401833072,44,24.4206818181818
"581","Scomberomorus maculatus","Scombridae",3,"hms",9.90333333333333,0.219620885467055,3,24.4206818181818,11.9823401833072,44,9.90333333333333
"582","Scomberomorus niphonius","Scombridae",3,"hms",NA,NA,NA,24.4206818181818,11.9823401833072,44,24.4206818181818
"583","Scomberomorus regalis","Scombridae",3,"pelagic",NA,NA,NA,24.4206818181818,11.9823401833072,44,24.4206818181818
"584","Scomberomorus sierra","Scombridae",3,"pelagic",NA,NA,NA,24.4206818181818,11.9823401833072,44,24.4206818181818
"585","Scomberomorus tritor","Scombridae",3,"pelagic",NA,NA,NA,24.4206818181818,11.9823401833072,44,24.4206818181818
"586","Thunnus alalunga","Scombridae",3,"hms",NA,NA,NA,24.4206818181818,11.9823401833072,44,24.4206818181818
"587","Thunnus albacares","Scombridae",3,"hms",26.53,0.278747197295328,3,24.4206818181818,11.9823401833072,44,26.53
"588","Thunnus atlanticus","Scombridae",3,"hms",NA,NA,NA,24.4206818181818,11.9823401833072,44,24.4206818181818
"589","Thunnus maccoyii","Scombridae",3,"hms",24,0,1,24.4206818181818,11.9823401833072,44,24
"590","Thunnus obesus","Scombridae",3,"pelagic",NA,NA,NA,24.4206818181818,11.9823401833072,44,24.4206818181818
"591","Thunnus orientalis","Scombridae",3,"hms",NA,NA,NA,24.4206818181818,11.9823401833072,44,24.4206818181818
"592","Thunnus thynnus","Scombridae",3,"pelagic",31,0,1,24.4206818181818,11.9823401833072,44,31
"593","Thunnus tonggol","Scombridae",3,"pelagic",NA,NA,NA,24.4206818181818,11.9823401833072,44,24.4206818181818
"594","Lepidorhombus boscii","Scophthalmidae",2,"habitat_benthic",NA,NA,NA,45.0081818181818,1.93501327221194,11,45.0081818181818
"595","Lepidorhombus whiffiagonis","Scophthalmidae",2,"habitat_benthic",NA,NA,NA,45.0081818181818,1.93501327221194,11,45.0081818181818
"596","Scophthalmus aquosus","Scophthalmidae",2,"habitat_benthic",NA,NA,NA,45.0081818181818,1.93501327221194,11,45.0081818181818
"597","Scophthalmus rhombus","Scophthalmidae",2,"habitat_benthic",NA,NA,NA,45.0081818181818,1.93501327221194,11,45.0081818181818
"598","Pontinus kuhlii","Scorpaenidae",2,"habitat_deep",NA,NA,NA,27,2.82842712474619,2,27
"599","Cephaloscyllium isabellum","Scyliorhinidae",2,"habitat_reef",NA,NA,NA,NA,NA,NA,43.0493696758551
"600","Scyliorhinus stellaris","Scyliorhinidae",2,"habitat_benthic",NA,NA,NA,NA,NA,NA,43.0493696758551
"601","Helicolenus dactylopterus","Sebastidae",2,"habitat_benthic",NA,NA,NA,78,12.5499003980111,5,78
"602","Sebastes aleutianus","Sebastidae",2,"habitat_benthic",NA,NA,NA,78,12.5499003980111,5,78
"603","Sebastes alutus","Sebastidae",2,"habitat_benthic",NA,NA,NA,78,12.5499003980111,5,78
"604","Sebastes carnatus","Sebastidae",1,"territorial",NA,NA,NA,78,12.5499003980111,5,78
"605","Sebastes chlorostictus","Sebastidae",2,"habitat_benthic",NA,NA,NA,78,12.5499003980111,5,78
"606","Sebastes crameri","Sebastidae",2,"habitat_benthic",90,0,1,78,12.5499003980111,5,90
"607","Sebastes diploproa","Sebastidae",2,"habitat_benthic",NA,NA,NA,78,12.5499003980111,5,78
"608","Sebastes elongatus","Sebastidae",2,"habitat_benthic",NA,NA,NA,78,12.5499003980111,5,78
"609","Sebastes entomelas","Sebastidae",2,"habitat_reef",NA,NA,NA,78,12.5499003980111,5,78
"610","Sebastes flavidus","Sebastidae",2,"habitat_reef",NA,NA,NA,78,12.5499003980111,5,78
"611","Sebastes goodei","Sebastidae",2,"habitat_reef",NA,NA,NA,78,12.5499003980111,5,78
"612","Sebastes jordani","Sebastidae",2,"habitat_benthic",NA,NA,NA,78,12.5499003980111,5,78
"613","Sebastes melanops","Sebastidae",2,"habitat_reef",NA,NA,NA,78,12.5499003980111,5,78
"614","Sebastes melanostomus","Sebastidae",2,"habitat_deep",NA,NA,NA,78,12.5499003980111,5,78
"615","Sebastes mystinus","Sebastidae",2,"habitat_reef",NA,NA,NA,78,12.5499003980111,5,78
"616","Sebastes paucispinis","Sebastidae",2,"habitat_reef",NA,NA,NA,78,12.5499003980111,5,78
"617","Sebastes pinniger","Sebastidae",2,"habitat_reef",NA,NA,NA,78,12.5499003980111,5,78
"618","Sebastes polyspinis","Sebastidae",2,"habitat_benthic",NA,NA,NA,78,12.5499003980111,5,78
"619","Sebastes ruberrimus","Sebastidae",2,"habitat_reef",NA,NA,NA,78,12.5499003980111,5,78
"620","Sebastes rufus","Sebastidae",2,"habitat_benthic",NA,NA,NA,78,12.5499003980111,5,78
"621","Sebastes variabilis","Sebastidae",2,"habitat_benthic",NA,NA,NA,78,12.5499003980111,5,78
"622","Sebastolobus alascanus","Sebastidae",2,"habitat_benthic",NA,NA,NA,78,12.5499003980111,5,78
"623","Sebastolobus altivelis","Sebastidae",2,"habitat_deep",NA,NA,NA,78,12.5499003980111,5,78
"624","Sepia officinalis","Sepiidae",2,"habitat_benthic",NA,NA,NA,NA,NA,NA,43.0493696758551
"625","Acetes erythraeus","Sergestidae",2,"habitat_coastal",NA,NA,NA,NA,NA,NA,43.0493696758551
"626","Acetes japonicus","Sergestidae",2,"habitat_coastal",NA,NA,NA,NA,NA,NA,43.0493696758551
"627","Acanthistius brasilianus","Serranidae",2,"habitat_benthic",NA,NA,NA,30.1071428571429,8.96741659785919,14,30.1071428571429
"628","Aethaloperca rogaa","Serranidae",2,"habitat_reef",NA,NA,NA,30.1071428571429,8.96741659785919,14,30.1071428571429
"629","Caprodon longimanus","Serranidae",2,"habitat_reef",NA,NA,NA,30.1071428571429,8.96741659785919,14,30.1071428571429
"630","Centropristis striata","Serranidae",2,"habitat_reef",NA,NA,NA,30.1071428571429,8.96741659785919,14,30.1071428571429
"631","Cephalopholis argus","Serranidae",2,"habitat_reef",27.5,0,1,30.1071428571429,8.96741659785919,14,27.5
"632","Cephalopholis boenak","Serranidae",2,"habitat_reef",31,0,1,30.1071428571429,8.96741659785919,14,31
"633","Cephalopholis fulva","Serranidae",2,"habitat_reef",NA,NA,NA,30.1071428571429,8.96741659785919,14,30.1071428571429
"634","Cephalopholis hemistiktos","Serranidae",1,"territorial",NA,NA,NA,30.1071428571429,8.96741659785919,14,30.1071428571429
"635","Cephalopholis miniata","Serranidae",1,"territorial",NA,NA,NA,30.1071428571429,8.96741659785919,14,30.1071428571429
"636","Cromileptes altivelis","Serranidae",2,"habitat_reef",24,0,1,30.1071428571429,8.96741659785919,14,24
"637","Epinephelus aeneus","Serranidae",3,"migratory",NA,NA,NA,30.1071428571429,8.96741659785919,14,30.1071428571429
"638","Epinephelus areolatus","Serranidae",2,"habitat_coastal",18,0,1,30.1071428571429,8.96741659785919,14,18
"639","Epinephelus chlorostigma","Serranidae",2,"habitat_coastal",NA,NA,NA,30.1071428571429,8.96741659785919,14,30.1071428571429
"640","Epinephelus fuscoguttatus","Serranidae",2,"habitat_reef",NA,NA,NA,30.1071428571429,8.96741659785919,14,30.1071428571429
"641","Epinephelus goreensis","Serranidae",2,"habitat_benthic",NA,NA,NA,30.1071428571429,8.96741659785919,14,30.1071428571429
"642","Epinephelus marginatus","Serranidae",1,"territorial",24.6,0,1,30.1071428571429,8.96741659785919,14,24.6
"643","Epinephelus merra","Serranidae",2,"habitat_reef",34.3,6.64680374315355,2,30.1071428571429,8.96741659785919,14,34.3
"644","Epinephelus morio","Serranidae",2,"habitat_benthic",40,0,2,30.1071428571429,8.96741659785919,14,40
"645","Epinephelus morrhua","Serranidae",2,"habitat_reef",NA,NA,NA,30.1071428571429,8.96741659785919,14,30.1071428571429
"646","Epinephelus multinotatus","Serranidae",2,"habitat_reef",NA,NA,NA,30.1071428571429,8.96741659785919,14,30.1071428571429
"647","Epinephelus polylepis","Serranidae",2,"habitat_benthic",NA,NA,NA,30.1071428571429,8.96741659785919,14,30.1071428571429
"648","Epinephelus striatus","Serranidae",2,"habitat_reef",42,0,1,30.1071428571429,8.96741659785919,14,42
"649","Epinephelus summana","Serranidae",2,"habitat_reef",NA,NA,NA,30.1071428571429,8.96741659785919,14,30.1071428571429
"650","Epinephelus tauvina","Serranidae",2,"habitat_reef",NA,NA,NA,30.1071428571429,8.96741659785919,14,30.1071428571429
"651","Lepidoperca pulchella","Serranidae",2,"habitat_reef",NA,NA,NA,30.1071428571429,8.96741659785919,14,30.1071428571429
"652","Mycteroperca microlepis","Serranidae",2,"habitat_reef",43,0,1,30.1071428571429,8.96741659785919,14,43
"653","Mycteroperca phenax","Serranidae",2,"habitat_reef",NA,NA,NA,30.1071428571429,8.96741659785919,14,30.1071428571429
"654","Paralabrax humeralis","Serranidae",2,"habitat_benthic",NA,NA,NA,30.1071428571429,8.96741659785919,14,30.1071428571429
"655","Plectropomus areolatus","Serranidae",2,"migratory",NA,NA,NA,30.1071428571429,8.96741659785919,14,30.1071428571429
"656","Plectropomus leopardus","Serranidae",2,"habitat_reef",25.2,0,1,30.1071428571429,8.96741659785919,14,25.2
"657","Plectropomus pessuliferus","Serranidae",2,"habitat_reef",NA,NA,NA,30.1071428571429,8.96741659785919,14,30.1071428571429
"658","Serranus cabrilla","Serranidae",2,"habitat_benthic",NA,NA,NA,30.1071428571429,8.96741659785919,14,30.1071428571429
"659","Variola louti","Serranidae",2,"habitat_reef",NA,NA,NA,30.1071428571429,8.96741659785919,14,30.1071428571429
"660","Sicyonia brevirostris","Sicyoniidae",2,"habitat_benthic",NA,NA,NA,NA,NA,NA,43.0493696758551
"661","Sicyonia ingentis","Sicyoniidae",2,"habitat_benthic",NA,NA,NA,NA,NA,NA,43.0493696758551
"662","Sillago sihama","Sillaginidae",2,"habitat_coastal",NA,NA,NA,NA,NA,NA,43.0493696758551
"663","Austroglossus microlepis","Soleidae",2,"habitat_benthic",NA,NA,NA,45,0,2,45
"664","Austroglossus pectoralis","Soleidae",2,"habitat_benthic",NA,NA,NA,45,0,2,45
"665","Dicologlossa cuneata","Soleidae",2,"habitat_benthic",NA,NA,NA,45,0,2,45
"666","Solea senegalensis","Soleidae",2,"habitat_benthic",NA,NA,NA,45,0,2,45
"667","Solea solea","Soleidae",2,"habitat_benthic",45,0,1,45,0,2,45
"668","Haliporoides diomedeae","Solenoceridae",2,"habitat_benthic",NA,NA,NA,NA,NA,NA,43.0493696758551
"669","Haliporoides triarthrus","Solenoceridae",2,"habitat_benthic",NA,NA,NA,NA,NA,NA,43.0493696758551
"670","Pleoticus muelleri","Solenoceridae",2,"habitat_benthic",NA,NA,NA,NA,NA,NA,43.0493696758551
"671","Acanthopagrus berda","Sparidae",2,"habitat_coastal",NA,NA,NA,26.941875,14.3159809158623,16,26.941875
"672","Acanthopagrus bifasciatus","Sparidae",2,"habitat_reef",NA,NA,NA,26.941875,14.3159809158623,16,26.941875
"673","Acanthopagrus latus","Sparidae",2,"habitat_coastal",33.7,0,1,26.941875,14.3159809158623,16,33.7
"674","Archosargus probatocephalus","Sparidae",2,"habitat_reef",NA,NA,NA,26.941875,14.3159809158623,16,26.941875
"675","Argyrops spinifer","Sparidae",2,"habitat_coastal",NA,NA,NA,26.941875,14.3159809158623,16,26.941875
"676","Argyrozona argyrozona","Sparidae",2,"habitat_reef",NA,NA,NA,26.941875,14.3159809158623,16,26.941875
"677","Boops boops","Sparidae",3,"pelagic",16.8,0.141421356237309,2,26.941875,14.3159809158623,16,16.8
"678","Cheimerius nufar","Sparidae",2,"habitat_reef",NA,NA,NA,26.941875,14.3159809158623,16,26.941875
"679","Crenidens crenidens","Sparidae",2,"habitat_coastal",NA,NA,NA,26.941875,14.3159809158623,16,26.941875
"680","Cymatoceps nasutus","Sparidae",2,"habitat_coastal",NA,NA,NA,26.941875,14.3159809158623,16,26.941875
"681","Dentex angolensis","Sparidae",2,"habitat_coastal",NA,NA,NA,26.941875,14.3159809158623,16,26.941875
"682","Dentex congoensis","Sparidae",2,"habitat_coastal",NA,NA,NA,26.941875,14.3159809158623,16,26.941875
"683","Dentex dentex","Sparidae",2,"habitat_reef",NA,NA,NA,26.941875,14.3159809158623,16,26.941875
"684","Dentex macrophthalmus","Sparidae",2,"habitat_coastal",NA,NA,NA,26.941875,14.3159809158623,16,26.941875
"685","Diplodus annularis","Sparidae",2,"habitat_coastal",NA,NA,NA,26.941875,14.3159809158623,16,26.941875
"686","Diplodus sargus","Sparidae",2,"habitat_reef",NA,NA,NA,26.941875,14.3159809158623,16,26.941875
"687","Diplodus vulgaris","Sparidae",2,"habitat_reef",NA,NA,NA,26.941875,14.3159809158623,16,26.941875
"688","Lithognathus mormyrus","Sparidae",2,"habitat_reef",NA,NA,NA,26.941875,14.3159809158623,16,26.941875
"689","Oblada melanura","Sparidae",2,"habitat_reef",16,0,1,26.941875,14.3159809158623,16,16
"690","Pagellus acarne","Sparidae",2,"habitat_reef",NA,NA,NA,26.941875,14.3159809158623,16,26.941875
"691","Pagellus bellottii","Sparidae",2,"habitat_reef",NA,NA,NA,26.941875,14.3159809158623,16,26.941875
"692","Pagellus bogaraveo","Sparidae",2,"habitat_reef",NA,NA,NA,26.941875,14.3159809158623,16,26.941875
"693","Pagellus erythrinus","Sparidae",2,"habitat_reef",NA,NA,NA,26.941875,14.3159809158623,16,26.941875
"694","Pagrus auratus","Sparidae",2,"habitat_reef",NA,NA,NA,26.941875,14.3159809158623,16,26.941875
"695","Pagrus major","Sparidae",2,"habitat_reef",47,0,1,26.941875,14.3159809158623,16,47
"696","Pagrus pagrus","Sparidae",2,"habitat_reef",38,0,1,26.941875,14.3159809158623,16,38
"697","Petrus rupestris","Sparidae",3,"migratory",NA,NA,NA,26.941875,14.3159809158623,16,26.941875
"698","Pterogymnus laniarius","Sparidae",2,"habitat_reef",NA,NA,NA,26.941875,14.3159809158623,16,26.941875
"699","Rhabdosargus globiceps","Sparidae",2,"habitat_reef",NA,NA,NA,26.941875,14.3159809158623,16,26.941875
"700","Rhabdosargus haffara","Sparidae",2,"habitat_reef",NA,NA,NA,26.941875,14.3159809158623,16,26.941875
"701","Sarpa salpa","Sparidae",2,"habitat_reef",31.6,0.141421356237309,2,26.941875,14.3159809158623,16,31.6
"702","Sparidentex hasta","Sparidae",2,"habitat_reef",1.66,0,1,26.941875,14.3159809158623,16,1.66
"703","Sparus aurata","Sparidae",2,"habitat_reef",52,0,1,26.941875,14.3159809158623,16,52
"704","Spondyliosoma cantharus","Sparidae",2,"habitat_reef",34.775,1.52027957955108,2,26.941875,14.3159809158623,16,34.775
"705","Stenotomus chrysops","Sparidae",2,"habitat_reef",NA,NA,NA,26.941875,14.3159809158623,16,26.941875
"706","Sphyraena barracuda","Sphyraenidae",2,"habitat_coastal",NA,NA,NA,NA,NA,NA,43.0493696758551
"707","Sphyraena jello","Sphyraenidae",2,"habitat_coastal",NA,NA,NA,NA,NA,NA,43.0493696758551
"708","Sphyraena obtusata","Sphyraenidae",2,"habitat_coastal",NA,NA,NA,NA,NA,NA,43.0493696758551
"709","Sphyraena sphyraena","Sphyraenidae",2,"habitat_coastal",NA,NA,NA,NA,NA,NA,43.0493696758551
"710","Sphyrna lewini","Sphyrnidae",3,"migratory",NA,NA,NA,NA,NA,NA,43.0493696758551
"711","Sphyrna zygaena","Sphyrnidae",3,"migratory",NA,NA,NA,NA,NA,NA,43.0493696758551
"712","Squalus acanthias","Squalidae",3,"migratory",NA,NA,NA,NA,NA,NA,43.0493696758551
"713","Squalus suckleyi","Squalidae",3,"migratory",NA,NA,NA,NA,NA,NA,43.0493696758551
"714","Squatina argentina","Squatinidae",2,"habitat_benthic",NA,NA,NA,NA,NA,NA,43.0493696758551
"715","Squatina californica","Squatinidae",2,"habitat_benthic",NA,NA,NA,NA,NA,NA,43.0493696758551
"716","Squilla mantis","Squillidae",1,"sedentary",NA,NA,NA,NA,NA,NA,43.0493696758551
"717","Pampus argenteus","Stromateidae",2,"habitat_coastal",NA,NA,NA,NA,NA,NA,43.0493696758551
"718","Peprilus paru","Stromateidae",2,"habitat_coastal",NA,NA,NA,NA,NA,NA,43.0493696758551
"719","Peprilus triacanthus","Stromateidae",3,"pelagic",NA,NA,NA,NA,NA,NA,43.0493696758551
"720","Stromateus brasiliensis","Stromateidae",3,"pelagic",NA,NA,NA,NA,NA,NA,43.0493696758551
"721","Stromateus fiatola","Stromateidae",3,"pelagic",NA,NA,NA,NA,NA,NA,43.0493696758551
"722","Diastobranchus capensis","Synaphobranchidae",2,"habitat_deep",NA,NA,NA,NA,NA,NA,43.0493696758551
"723","Harpadon nehereus","Synodontidae",2,"habitat_benthic",NA,NA,NA,30.5,16.2634559672906,2,30.5
"724","Saurida tumbil","Synodontidae",2,"habitat_benthic",NA,NA,NA,30.5,16.2634559672906,2,30.5
"725","Saurida undosquamis","Synodontidae",2,"habitat_benthic",NA,NA,NA,30.5,16.2634559672906,2,30.5
"726","Pelates quadrilineatus","Terapontidae",2,"habitat_coastal",NA,NA,NA,NA,NA,NA,43.0493696758551
"727","Hoplostethus atlanticus","Trachichthyidae",1,"sedentary",NA,NA,NA,NA,NA,NA,43.0493696758551
"728","Trachinus draco","Trachinidae",2,"habitat_benthic",12.9,0,1,NA,NA,NA,12.9
"729","Trachipterus arcticus","Trachipteridae",2,"habitat_deep",NA,NA,NA,NA,NA,NA,43.0493696758551
"730","Galeorhinus galeus","Triakidae",3,"hms",NA,NA,NA,NA,NA,NA,43.0493696758551
"731","Mustelus antarcticus","Triakidae",3,"migratory",NA,NA,NA,NA,NA,NA,43.0493696758551
"732","Mustelus asterias","Triakidae",2,"habitat_coastal",NA,NA,NA,NA,NA,NA,43.0493696758551
"733","Mustelus lenticulatus","Triakidae",3,"migratory",NA,NA,NA,NA,NA,NA,43.0493696758551
"734","Mustelus mustelus","Triakidae",2,"habitat_coastal",NA,NA,NA,NA,NA,NA,43.0493696758551
"735","Mustelus schmitti","Triakidae",2,"habitat_coastal",NA,NA,NA,NA,NA,NA,43.0493696758551
"736","Aphanopus carbo","Trichiuridae",3,"deep",NA,NA,NA,NA,NA,NA,43.0493696758551
"737","Lepidopus caudatus","Trichiuridae",2,"habitat_deep",NA,NA,NA,NA,NA,NA,43.0493696758551
"738","Trichiurus lepturus","Trichiuridae",2,"habitat_coastal",NA,NA,NA,NA,NA,NA,43.0493696758551
"739","Arctoscopus japonicus","Trichodontidae",2,"habitat_benthic",NA,NA,NA,NA,NA,NA,43.0493696758551
"740","Chelidonichthys capensis","Triglidae",2,"habitat_benthic",NA,NA,NA,19.05,0.0707106781186558,2,19.05
"741","Chelidonichthys kumu","Triglidae",2,"habitat_benthic",NA,NA,NA,19.05,0.0707106781186558,2,19.05
"742","Chelidonichthys lucerna","Triglidae",2,"habitat_benthic",NA,NA,NA,19.05,0.0707106781186558,2,19.05
"743","Eutrigla gurnardus","Triglidae",2,"habitat_benthic",NA,NA,NA,19.05,0.0707106781186558,2,19.05
"744","Pterygotrigla polyommata","Triglidae",2,"habitat_benthic",NA,NA,NA,19.05,0.0707106781186558,2,19.05
"745","Turbo cornutus","Turbinidae",1,"sedentary",NA,NA,NA,NA,NA,NA,43.0493696758551
"746","Kathetostoma giganteum","Uranoscopidae",1,"sedentary",NA,NA,NA,NA,NA,NA,43.0493696758551
"747","Uranoscopus scaber","Uranoscopidae",1,"sedentary",NA,NA,NA,NA,NA,NA,43.0493696758551
"748","Chamelea gallina","Veneridae",1,"sedentary",NA,NA,NA,NA,NA,NA,43.0493696758551
"749","Mercenaria mercenaria","Veneridae",1,"sedentary",NA,NA,NA,NA,NA,NA,43.0493696758551
"750","Ruditapes decussatus","Veneridae",1,"sedentary",NA,NA,NA,NA,NA,NA,43.0493696758551
"751","Ruditapes philippinarum","Veneridae",1,"sedentary",NA,NA,NA,NA,NA,NA,43.0493696758551
"752","Tivela mactroides","Veneridae",1,"sedentary",NA,NA,NA,NA,NA,NA,43.0493696758551
"753","Xiphias gladius","Xiphiidae",3,"hms",NA,NA,NA,NA,NA,NA,43.0493696758551
"754","Zenopsis conchifer","Zeidae",2,"habitat_reef",NA,NA,NA,NA,NA,NA,43.0493696758551
"755","Zeus faber","Zeidae",2,"habitat_reef",NA,NA,NA,NA,NA,NA,43.0493696758551
"756","Zoarces viviparus","Zoarcidae",1,"sedentary",NA,NA,NA,NA,NA,NA,43.0493696758551
"757","Trachysalambria curvirostris","Penaeidae",2,"habitat_benthic",NA,NA,NA,14,0,2,14
"758","Litopenaeus setiferus","Penaeidae",2,"habitat_benthic",NA,NA,NA,14,0,2,14
"759","Doryteuthis opalescens","Loliginidae",3,"pelagic",NA,NA,NA,NA,NA,NA,43.0493696758551
"760","Doryteuthis gahi","Loliginidae",3,"migratory",NA,NA,NA,NA,NA,NA,43.0493696758551
"761","Larimichthys crocea","Sciaenidae",2,"habitat_coastal",NA,NA,NA,20.875,1.65201896679992,4,20.875
"762","Liza haematocheila","Mugilidae",2,"habitat_coastal",NA,NA,NA,45.1025,0.0818026079453879,4,45.1025
"763","Tegillarca granosa","Arcidae",1,"sedentary",NA,NA,NA,NA,NA,NA,43.0493696758551
"764","Fenneropenaeus chinensis","Penaeidae",3,"migratory",NA,NA,NA,14,0,2,14
"765","Fenneropenaeus merguiensis","Penaeidae",2,"habitat_benthic",NA,NA,NA,14,0,2,14
"766","Sebastes norvegicus","Sebastidae",2,"habitat_benthic",NA,NA,NA,78,12.5499003980111,5,78
"767","Metacarcinus magister","Cancridae",2,"habitat_coastal",NA,NA,NA,NA,NA,NA,43.0493696758551
"768","Doryteuthis pealeii","Loliginidae",3,"migratory",NA,NA,NA,NA,NA,NA,43.0493696758551
"769","Pleuronectes quadrituberculatus","Pleuronectidae",2,"habitat_benthic",NA,NA,NA,93.5,9.19238815542512,2,93.5
"770","Pseudopleuronectes herzensteini","Pleuronectidae",2,"habitat_benthic",NA,NA,NA,93.5,9.19238815542512,2,93.5
"771","Farfantepenaeus notialis","Penaeidae",2,"habitat_benthic",NA,NA,NA,14,0,2,14
"772","Farfantepenaeus aztecus","Penaeidae",2,"habitat_benthic",NA,NA,NA,14,0,2,14
"773","Scophthalmus maximus","Scophthalmidae",2,"habitat_benthic",45.0081818181818,1.93501327221194,11,45.0081818181818,1.93501327221194,11,45.0081818181818
"774","Kajikia audax","Istiophoridae",3,"pelagic",NA,NA,NA,NA,NA,NA,43.0493696758551
"775","Nemadactylus bergi","Cheilodactylidae",2,"habitat_benthic",NA,NA,NA,NA,NA,NA,43.0493696758551
"776","Leucoraja naevus","Rajidae",2,"habitat_benthic",NA,NA,NA,NA,NA,NA,43.0493696758551
"777","Farfantepenaeus duorarum","Penaeidae",3,"pelagic",NA,NA,NA,14,0,2,14
"778","Istiompax indica","Istiophoridae",3,"hms",NA,NA,NA,NA,NA,NA,43.0493696758551
"779","Melicertus kerathurus","Penaeidae",2,"habitat_benthic",NA,NA,NA,14,0,2,14
"780","Farfantepenaeus californiensis","Penaeidae",2,"habitat_benthic",NA,NA,NA,14,0,2,14
"781","Farfantepenaeus brevirostris","Penaeidae",2,"habitat_benthic",NA,NA,NA,14,0,2,14
"782","Lithodes aequispinus","Lithodidae",2,"habitat_benthic",NA,NA,NA,NA,NA,NA,43.0493696758551
"783","Eleginus nawaga","Gadidae",2,"habitat_coastal",NA,NA,NA,100.666666666667,53.9473122592776,9,100.666666666667
"784","Melicertus latisulcatus","Penaeidae",2,"habitat_benthic",NA,NA,NA,14,0,2,14
"785","Parophrys vetulus","Pleuronectidae",3,"migratory",NA,NA,NA,93.5,9.19238815542512,2,93.5
"786","Amblyraja radiata","Rajidae",3,"migratory",NA,NA,NA,NA,NA,NA,43.0493696758551
"787","Chelidonichthys cuculus","Triglidae",2,"habitat_benthic",NA,NA,NA,19.05,0.0707106781186558,2,19.05
"788","Moolgarda seheli","Mugilidae",2,"habitat_coastal",NA,NA,NA,45.1025,0.0818026079453879,4,45.1025
"789","Kajikia albida","Istiophoridae",3,"hms",NA,NA,NA,NA,NA,NA,43.0493696758551
"790","Litopenaeus occidentalis","Penaeidae",2,"habitat_benthic",NA,NA,NA,14,0,2,14
"791","Zenopsis nebulosa","Zeidae",3,"deep",NA,NA,NA,NA,NA,NA,43.0493696758551
"792","Netuma thalassinus","Ariidae",2,"habitat_coastal",NA,NA,NA,NA,NA,NA,43.0493696758551
"793","Litopenaeus vannamei","Penaeidae",2,"habitat_benthic",NA,NA,NA,14,0,2,14
"794","Meuschenia scaber","Monacanthidae",2,"habitat_coastal",NA,NA,NA,28.45,9.5430603057929,4,28.45
"795","Dipturus batis","Rajidae",2,"habitat_benthic",NA,NA,NA,NA,NA,NA,43.0493696758551
"796","Alosa immaculata","Clupeidae",3,"migratory",NA,NA,NA,24.973488372093,36.0496626286123,43,24.973488372093
"797","Conger orbignianus","Congridae",2,"habitat_benthic",NA,NA,NA,NA,NA,NA,43.0493696758551
"798","Acanthopagrus schlegelii","Sparidae",2,"habitat_coastal",NA,NA,NA,26.941875,14.3159809158623,16,26.941875
"799","Pegusa lascaris","Soleidae",2,"habitat_benthic",NA,NA,NA,45,0,2,45
"800","Leucoraja circularis","Rajidae",2,"habitat_benthic",NA,NA,NA,NA,NA,NA,43.0493696758551
"801","Balistes capriscus","Balistidae",2,"habitat_reef",NA,NA,NA,55.4125,16.2121151788232,8,55.4125
"802","Hyporthodus flavolimbatus","Serranidae",2,"habitat_benthic",NA,NA,NA,30.1071428571429,8.96741659785919,14,30.1071428571429
"803","Dipturus oxyrinchus","Rajidae",2,"habitat_benthic",NA,NA,NA,NA,NA,NA,43.0493696758551
"804","Leucoraja fullonica","Rajidae",2,"habitat_benthic",NA,NA,NA,NA,NA,NA,43.0493696758551
"805","Hyporthodus niveatus","Serranidae",2,"habitat_reef",NA,NA,NA,30.1071428571429,8.96741659785919,14,30.1071428571429
"806","Pentaceros richardsoni","Pentacerotidae",2,"habitat_benthic",NA,NA,NA,NA,NA,NA,43.0493696758551
"807","Trigloporus lastoviza","Triglidae",2,"habitat_benthic",NA,NA,NA,19.05,0.0707106781186558,2,19.05
"808","Herklotsichthys quadrimaculatus","Clupeidae",2,"habitat_coastal",NA,NA,NA,24.973488372093,36.0496626286123,43,24.973488372093
"809","Lepidonotothen squamifrons","Nototheniidae",2,"habitat_benthic",NA,NA,NA,333.5,301.934595566656,2,333.5
"810","Hyporthodus nigritus","Serranidae",2,"habitat_reef",NA,NA,NA,30.1071428571429,8.96741659785919,14,30.1071428571429
"811","Hyporthodus mystacinus","Serranidae",2,"habitat_deep",NA,NA,NA,30.1071428571429,8.96741659785919,14,30.1071428571429
