scientific,LarvaeDuration,EggDuration,EggFloating
Raja abyssicola,NA,NA,in sand or gravel
Pseudochaenichthys georgianus,NA,NA,on the bottom (demersal)
Glyptocephalus zachirus,NA,NA,
Hydrolagus tsengi,NA,NA,on the bottom (demersal)
Raja vomer,NA,NA,in sand or gravel
Raja melitensis,NA,NA,in sand or gravel
Auxis rochei,16,NA,buoyant (pelagic)
Raja wallacei,NA,NA,in sand or gravel
Rajella bigelowi,NA,NA,in sand or gravel
Raja hollandi,NA,NA,in sand or gravel
Ciliata mustela,NA,NA,buoyant (pelagic)
Macrourus fabricii,NA,NA,
Diodon nummularis,NA,NA,buoyant (pelagic)
Terapon idoneus,NA,0.96,on the bottom (demersal)
Salmo quadrilateralis,NA,NA,in sand or gravel
Anchoviella scitula,NA,NA,buoyant (pelagic)
Raja nitida,NA,NA,in sand or gravel
Centropristis striata,NA,1.58,
Centropristis striata,NA,3.13,
Centropristis striata,NA,5,
Bathylagus greyae,NA,NA,buoyant (pelagic)
Solea uncinata,NA,NA,buoyant (pelagic)
Caesio varilineatus,NA,NA,buoyant (pelagic)
Lutjanus vittus,NA,NA,
Eleginus nawaga,NA,NA,on the bottom (demersal)
Raja maderensis,NA,NA,on the bottom (demersal)
Harengula fimbriata,NA,NA,
Raja richardsoni,NA,NA,on the bottom (demersal)
Bathyraja longicauda,NA,NA,on the bottom (demersal)
Scomber lanceolatus,NA,2.08,buoyant (pelagic)
Regalecus glesne,NA,NA,buoyant (pelagic)
Enchelyopus cimbrius,NA,NA,buoyant (pelagic)
Tylosurus fodiator,NA,NA,on the bottom (demersal)
Belone svetovidovi,NA,NA,on the bottom (demersal)
Hippocampus montebelloensis,NA,NA,in brood pouch
Raja purpuriventralis,NA,NA,on the bottom (demersal)
Makaira nigricans mazara,NA,NA,buoyant (pelagic)
Raja lemprieri,NA,NA,in sand or gravel
Tylosurus hians,NA,NA,on the bottom (demersal)
Seriola succinta,NA,NA,on the bottom (demersal)
Hippocampus comes,NA,NA,in brood pouch
Raja stellulata,NA,NA,in sand or gravel
Lophius tricornis,NA,NA,buoyant (pelagic)
Merluccius merluccius,NA,4,buoyant (pelagic)
Merluccius merluccius,NA,4,buoyant (pelagic)
Merluccius merluccius,NA,4,buoyant (pelagic)
Merluccius merluccius,NA,10,buoyant (pelagic)
Merluccius merluccius,NA,4,buoyant (pelagic)
Dipturus laevis,NA,NA,in sand or gravel
Alepocephalus rostratus,NA,NA,buoyant (pelagic)
Scomber crysos,NA,NA,buoyant (pelagic)
Hippocampus subcoronatus,NA,NA,in brood pouch
Raja eatonii,NA,NA,on the bottom (demersal)
Bathyraja pseudoisotrachys,NA,NA,on the bottom (demersal)
Coregonus schinzii,29,NA,
Sebastes atrovirens,NA,NA,in female (livebearers)
Aphanopus carbo,NA,NA,buoyant (pelagic)
Seriolella brama,NA,NA,buoyant (pelagic)
Trematomus bernachii,NA,95,on the bottom (demersal)
Salmo masou,NA,NA,in sand or gravel
Scophthalmus aquosus,NA,NA,buoyant (pelagic)
Bathylagus glacialis,NA,NA,
Anchoviella epsetus,NA,NA,buoyant (pelagic)
Dipturus batis,NA,NA,in sand or gravel
Sciaenops ocellatus,22,NA,
Stolephorus pseudoheterolobus,NA,NA,buoyant (pelagic)
Thyrsites atun,NA,2.08,buoyant (pelagic)
Lycodes esmarkii,NA,NA,on the bottom (demersal)
Raja olseni,NA,NA,on the bottom (demersal)
Raja johannisdavisi,NA,NA,on the bottom (demersal)
Hippocampus whitei,NA,NA,in brood pouch
Cheilodipterus macrodon,NA,NA,in mouth (mouthbrooders)
Trematomus tokarevi,NA,NA,on the bottom (demersal)
Hyperoglyphe bythites,NA,NA,buoyant (pelagic)
Alepocephalus agassizii,NA,NA,buoyant (pelagic)
Raja trachura,NA,NA,in sand or gravel
Haemulon album,NA,NA,buoyant (pelagic)
Bairdiella chrysoura,NA,0.75,buoyant (pelagic)
Bairdiella chrysoura,NA,1.88,buoyant (pelagic)
Raja violacea,NA,NA,in sand or gravel
Amblygobius phalaena,NA,NA,in covered nest (i.e. burrow or tunnel)
Hippocampus graciliformis,NA,NA,in brood pouch
Bathyraja taranetzi,NA,NA,in sand or gravel
Raja velezi,NA,NA,on the bottom (demersal)
Petromyzon marinus,NA,NA,in sand or gravel
Oncorhynchus rhodurus,NA,NA,in sand or gravel
Ctenolabrus rupestris,NA,14,buoyant (pelagic)
Bathyraja peruana,NA,NA,on the bottom (demersal)
Trichiurus gladius,NA,NA,buoyant (pelagic)
Caranx solea,NA,1.17,buoyant (pelagic)
Raja albomaculata,NA,NA,on the bottom (demersal)
Sebastes ensifer,NA,NA,in female (livebearers)
Squalus stellaris,NA,NA,fixed on plant or stone
Trigla vanessa,NA,NA,buoyant (pelagic)
Fistularia commersonii,NA,NA,buoyant (pelagic)
Raja koreana,NA,NA,on the bottom (demersal)
Chaetodon ulietensis,NA,NA,buoyant (pelagic)
Macrourus stroemii,NA,3.75,
Hippocampus hystrix,NA,NA,in brood pouch
Muraena helena,NA,NA,buoyant (pelagic)
Raja tobitukai,NA,NA,in sand or gravel
Cheilodipterus singapurensis,NA,NA,in mouth (mouthbrooders)
Scarus bleekeri,NA,NA,on the bottom (demersal)
Sebastes longispinis,NA,NA,in female (livebearers)
Sebastes chrysomelas,NA,NA,in female (livebearers)
Trisopterus luscus,NA,NA,buoyant (pelagic)
Haemulon carbonarium,NA,NA,buoyant (pelagic)
Epinephelus salmonoides,NA,0.8,
Scomber thazard,10,NA,
Raja kujiensis,NA,NA,in sand or gravel
Raja lintea,NA,NA,in sand or gravel
Mugil octoradiatus,NA,NA,buoyant (pelagic)
Serranus anthias,NA,NA,buoyant (pelagic)
Osmerus mordax mordax,NA,NA,in sand or gravel
Boreogadus saida,NA,NA,buoyant (pelagic)
Clupeonella cultriventris,NA,NA,buoyant (pelagic)
Anchoviella mauii,35,NA,buoyant (pelagic)
Sebastolobus alascanus,NA,NA,buoyant (pelagic)
Sebastes joyneri,NA,NA,in female (livebearers)
Bathyraja simoterus,NA,NA,in sand or gravel
Solea vulgaris vulgaris,35,10,buoyant (pelagic)
Scomber glaucus,NA,NA,buoyant (pelagic)
Alosa pilchardus,40,NA,buoyant (pelagic)
Pomadasys dovii,NA,NA,buoyant (pelagic)
Scolopsis sayanus,NA,NA,in open nest
Seriola quinqueradiata,NA,2.08,
Hypomesus pretiosus,NA,NA,in sand or gravel
Elops saurus,NA,NA,buoyant (pelagic)
Caesio teres,NA,NA,buoyant (pelagic)
Siganus guttatus,NA,0.83,on the bottom (demersal)
Sardina pilchardus,40,NA,buoyant (pelagic)
Ammodytes tobiunus,NA,NA,in sand or gravel
Caranx russelli,NA,NA,buoyant (pelagic)
Sebastes mentella,NA,NA,in female (livebearers)
Spondyliosoma cantharus,NA,NA,on the bottom (demersal)
Sardinella aurita,0,NA,
Haemulon parrai,NA,NA,buoyant (pelagic)
Nematalosa nasus,NA,NA,buoyant (pelagic)
Bathyraja trachura,NA,NA,in sand or gravel
Sebastes miniatus,NA,NA,in female (livebearers)
Brosme brosme,NA,10,buoyant (pelagic)
Brosme brosme,NA,10,buoyant (pelagic)
Brosme brosme,NA,10,buoyant (pelagic)
Trachurus capensis,NA,NA,
Raja jordani,NA,NA,in sand or gravel
Gadiculus argenteus thori,NA,NA,
Caranx wrighti,NA,NA,buoyant (pelagic)
Scomber gladius,NA,NA,buoyant (pelagic)
Trigla strigata,NA,NA,buoyant (pelagic)
Cetengraulis mysticetus,NA,NA,buoyant (pelagic)
Arius couma,NA,NA,in mouth (mouthbrooders)
Stolephorus punctifer,NA,NA,
Coregonus quadrilateralis,NA,NA,in sand or gravel
Bathyraja bergi,NA,NA,in sand or gravel
Porichthys notatus,NA,NA,fixed on plant or stone
Salvelinus alpinus alpinus,NA,NA,
Albula vulpes,NA,NA,buoyant (pelagic)
Coryphaena lessonii,NA,NA,buoyant (pelagic)
Thunnus albacares,25,1.34,buoyant (pelagic)
Thunnus albacares,25,1.4,buoyant (pelagic)
Thunnus albacares,25,1.85,buoyant (pelagic)
Helicolenus dactylopterus,NA,NA,buoyant (pelagic)
Dissostichus eleginoides,NA,75,on the bottom (demersal)
Chionodraco rastrospinosus,NA,NA,on the bottom (demersal)
Nemipterus virgatus,NA,1.17,buoyant (pelagic)
Stolephorus olidus,NA,NA,
Caesio nori,NA,0.96,buoyant (pelagic)
Sympterygia acuta,NA,NA,on the bottom (demersal)
Pomatomus saltatrix,NA,1.96,buoyant (pelagic)
Scomberomorus commersonii,NA,NA,buoyant (pelagic)
Ammodytes semisquamatus,NA,NA,
Belone senegalensis,NA,NA,on the bottom (demersal)
Cypselurus oxycephalus,NA,NA,
Alosa cyanonoton,NA,2.08,on the bottom (demersal)
Alosa cyanonoton,NA,2.35,on the bottom (demersal)
Alosa cyanonoton,NA,3.63,on the bottom (demersal)
Coregonus artedii,26,NA,
Bathyraja nigerrima,NA,NA,on the bottom (demersal)
Siganus sp.,NA,0.83,on the bottom (demersal)
Merluccius vulgaris,NA,4,buoyant (pelagic)
Merluccius vulgaris,NA,4,buoyant (pelagic)
Merluccius vulgaris,NA,4,buoyant (pelagic)
Merluccius vulgaris,NA,10,buoyant (pelagic)
Merluccius vulgaris,NA,4,buoyant (pelagic)
Thunnus obesus,NA,0.88,buoyant (pelagic)
Clupea harengus membras,160,NA,on the bottom (demersal)
Belone punctulata,NA,NA,on the bottom (demersal)
Menticirrhus saxatilis,NA,2,buoyant (pelagic)
Menticirrhus saxatilis,NA,2.08,buoyant (pelagic)
Bathyraja tobitukai,NA,NA,in sand or gravel
Platichthys flesus,NA,7,buoyant (pelagic)
Platichthys flesus,NA,7,buoyant (pelagic)
Anchoviella abbotti,NA,NA,
Sebastes elongatus,NA,NA,in female (livebearers)
Polynemus sheridani,NA,NA,buoyant (pelagic)
Lethrinus virescens,NA,NA,buoyant (pelagic)
Serranus cabrilla,NA,NA,buoyant (pelagic)
Raja radiata,NA,NA,in sand or gravel
Sebastes eos,NA,NA,in female (livebearers)
Thunnus maccoyii,24,NA,buoyant (pelagic)
Hydrolagus purpurescens,NA,NA,on the bottom (demersal)
Sebastes cortezi,NA,NA,in female (livebearers)
Caesio lunaris,NA,NA,buoyant (pelagic)
Auxis thazzard,10,NA,
Coryphaenoides rupestris,NA,3.75,
Brotula palmietensis,NA,NA,buoyant (pelagic)
Hydrolagus mirabilis,NA,NA,on the bottom (demersal)
Valenciennea strigata,NA,NA,in covered nest (i.e. burrow or tunnel)
Lethrinus scoparius,NA,0.74,buoyant (pelagic)
Lethrinus scoparius,NA,1.16,buoyant (pelagic)
Bathylagus microcephalus,NA,NA,buoyant (pelagic)
Zearaja nasuta,NA,NA,in sand or gravel
Chaetodon quadrimaculatus,NA,NA,buoyant (pelagic)
Trachurus vulgaris,NA,NA,buoyant (pelagic)
Haemulon moricandi,NA,NA,buoyant (pelagic)
Acanthurus bahianus,NA,NA,buoyant (pelagic)
Sphoeroides spengleri,NA,NA,on the bottom (demersal)
Merluccius magnoculus,NA,7,
Stolephorus aestuarius,NA,NA,fixed on plant or stone
Gymnothorax nigromarginatus,NA,NA,
Sphoeroides dorsalis,NA,NA,on the bottom (demersal)
Istiblennius edentulus,NA,NA,on the bottom (demersal)
Hippocampus minotaur,NA,NA,in brood pouch
Bathyraja tzinovskii,NA,NA,on the bottom (demersal)
Hippocampus erinaceus,NA,NA,in brood pouch
Decapterus pinnulatus,NA,0.38,buoyant (pelagic)
Raja cyclophora,NA,NA,on the bottom (demersal)
Pterocaesio pisang,NA,NA,buoyant (pelagic)
Stolephorus delicatissimus,NA,NA,buoyant (pelagic)
Naso brevorostris,NA,NA,buoyant (pelagic)
Sebastes auriculatus,NA,NA,in female (livebearers)
Scorpaena dactyloptera,NA,NA,buoyant (pelagic)
Notothenia neglecta,NA,150,on the bottom (demersal)
Notothenia neglecta,NA,103,on the bottom (demersal)
Notothenia neglecta,NA,150,on the bottom (demersal)
Trematomus hansoni georgianus,NA,NA,on the bottom (demersal)
Zeus faber,NA,NA,buoyant (pelagic)
Centropomus macrodon,NA,NA,in mouth (mouthbrooders)
Joturus pichardi,NA,NA,buoyant (pelagic)
Chelidonichthys cuculus,NA,NA,buoyant (pelagic)
Stolephorus oligobranchus,NA,NA,
Solea vermeuleni,NA,NA,buoyant (pelagic)
Scomberomorus commerson,NA,NA,buoyant (pelagic)
Belone angusticeps,NA,NA,on the bottom (demersal)
Serranus pantherinus,NA,1,
Serranus pantherinus,NA,1,
Serranus pantherinus,NA,1.27,
Trachurus trecae,NA,NA,buoyant (pelagic)
Bathylagus milleri,NA,NA,buoyant (pelagic)
Sparus aurata,50,2,
Hippocampus sp. B,NA,NA,in brood pouch
Sprattus sprattus balticus,NA,1.76,buoyant (pelagic)
Sprattus sprattus balticus,NA,9.33,buoyant (pelagic)
Sprattus sprattus balticus,NA,7.83,buoyant (pelagic)
Sprattus sprattus balticus,NA,6.75,buoyant (pelagic)
Sprattus sprattus balticus,NA,5.79,buoyant (pelagic)
Sprattus sprattus balticus,NA,5.17,buoyant (pelagic)
Sprattus sprattus balticus,NA,4.43,buoyant (pelagic)
Sprattus sprattus balticus,NA,4.06,buoyant (pelagic)
Sprattus sprattus balticus,NA,3.65,buoyant (pelagic)
Sprattus sprattus balticus,NA,3.36,buoyant (pelagic)
Sprattus sprattus balticus,NA,2.95,buoyant (pelagic)
Sprattus sprattus balticus,NA,2.77,buoyant (pelagic)
Sprattus sprattus balticus,NA,2.48,buoyant (pelagic)
Sprattus sprattus balticus,NA,2.32,buoyant (pelagic)
Sprattus sprattus balticus,NA,2.17,buoyant (pelagic)
Sprattus sprattus balticus,NA,2.13,buoyant (pelagic)
Sprattus sprattus balticus,NA,1.88,buoyant (pelagic)
Sprattus sprattus balticus,NA,1.8,buoyant (pelagic)
Sprattus sprattus balticus,NA,11.5,buoyant (pelagic)
Capros aper,NA,NA,buoyant (pelagic)
Sardinella pinnula,0,NA,
Stolephorus naso,NA,NA,
Oncorhynchus mykiss,NA,NA,in sand or gravel
Rajella barnardi,NA,NA,on the bottom (demersal)
Tylosurus issajewi,NA,NA,on the bottom (demersal)
Raja polystigma,NA,NA,in sand or gravel
Acanthurus leucosternum,NA,NA,buoyant (pelagic)
Hippocampus lichtensteinii,NA,NA,in brood pouch
Sebastes chlorostictus,NA,NA,in female (livebearers)
Raja doutrei,NA,NA,on the bottom (demersal)
Hippocampus gracilissimus,NA,NA,in brood pouch
Brotula barbata,NA,NA,buoyant (pelagic)
Bathyraja violacea,NA,NA,in sand or gravel
Hippocampus colemani,NA,NA,in brood pouch
Trachinus lineatus,NA,4.5,buoyant (pelagic)
Hippocampus sp. 5,NA,NA,in brood pouch
Hippocampus sp. 3,NA,NA,in brood pouch
Hippocampus sp. 2,NA,NA,in brood pouch
Hippocampus sp. 1,NA,NA,in brood pouch
Oncorhynchus kisutch,NA,NA,
Mugil septentrionalis,NA,NA,buoyant (pelagic)
Bathylagus longirostris,NA,NA,buoyant (pelagic)
Lethrinus nematacanthus,NA,1.63,buoyant (pelagic)
Hemiramphus melanochir,NA,NA,fixed on plant or stone
Raja macrocauda,NA,NA,in sand or gravel
Seriola pappei,NA,3,buoyant (pelagic)
Brotula ordwayi,NA,NA,buoyant (pelagic)
Serranus semi punctatus,NA,0.8,
Raja polyommata,NA,NA,on the bottom (demersal)
Chanos chanos,44,1.1,buoyant (pelagic)
Chanos chanos,44,1.2,buoyant (pelagic)
Chanos chanos,44,1.11,buoyant (pelagic)
Chanos chanos,44,1,buoyant (pelagic)
Trachurus suareus,NA,NA,buoyant (pelagic)
Epinephelus fulvus,NA,NA,
Stolephorus devisi,NA,NA,
Chaetodon reticulatus,NA,NA,buoyant (pelagic)
Raja erinaceus,NA,NA,in sand or gravel
Gadus morhua,100,30,buoyant (pelagic)
Gadus morhua,100,30,buoyant (pelagic)
Gadus morhua,100,30,buoyant (pelagic)
Gadus morhua,100,10.5,buoyant (pelagic)
Centropomus rubens,NA,NA,in mouth (mouthbrooders)
Anchoviella heteroloba,NA,NA,buoyant (pelagic)
Salmo ventricosus,NA,NA,
Oncorhynchus keta,NA,NA,in sand or gravel
Belone timucoides,NA,NA,on the bottom (demersal)
Raja brachyurops,NA,NA,on the bottom (demersal)
Tylosurus crocodilus,NA,NA,on the bottom (demersal)
Pollachius virens,NA,9,buoyant (pelagic)
Haemulon boschmae,NA,NA,buoyant (pelagic)
Epinephelus tauvina,NA,1,
Epinephelus tauvina,NA,1,
Epinephelus tauvina,NA,1.27,
Scatophagus quadratus,NA,0.92,buoyant (pelagic)
Belone stolzmanni,NA,NA,fixed on plant or stone
Makaira perezi,NA,NA,buoyant (pelagic)
Tylosurus acus melanotus,NA,NA,on the bottom (demersal)
Plotosus megastomus,NA,NA,
Brotula townsendi,NA,NA,buoyant (pelagic)
Bathylagus schmidti,NA,NA,buoyant (pelagic)
Pterocaesio tile,NA,NA,buoyant (pelagic)
Oncorhynchus tshawytsha,NA,NA,
Rostroraja alba,NA,NA,in sand or gravel
Lichia amia,NA,NA,buoyant (pelagic)
Hippoglossoides platessoides,NA,14,buoyant (pelagic)
Trachurus symmetricus,0,1.5,buoyant (pelagic)
Raja asterias,NA,NA,in sand or gravel
Hippocampus fisheri,NA,NA,in brood pouch
Anguilla vulgaris,NA,NA,buoyant (pelagic)
Sphaeramia orbicularis,NA,NA,in mouth (mouthbrooders)
Trachurus mediterraneus ponticus,NA,NA,buoyant (pelagic)
Auxis vulgaris,16,NA,buoyant (pelagic)
Sargocentron rubrum,NA,NA,buoyant (pelagic)
Cirrhitus pinnulatus,NA,NA,buoyant (pelagic)
Bathylagus wesethy,NA,NA,buoyant (pelagic)
Anchoa hepsetus,NA,NA,buoyant (pelagic)
Tylosurus punctulatus,NA,NA,on the bottom (demersal)
Seriola picturata,NA,NA,buoyant (pelagic)
Pseudocaranx dentex,NA,1.17,buoyant (pelagic)
Raja dissimilis,NA,NA,on the bottom (demersal)
Brevoortia tyrannus,NA,2,buoyant (pelagic)
Amblyglyphidodon curacao,13,NA,
Mullus barbatus auratus,NA,NA,buoyant (pelagic)
Salmo trutta pallaryi,NA,NA,
Raja doellojuradoi,NA,NA,in sand or gravel
Salvelinus lepechini melanostomus,NA,NA,
Gaidropsarus mustellaris,NA,NA,buoyant (pelagic)
Argentina pretiosa,NA,NA,in sand or gravel
Trigla pini,NA,NA,buoyant (pelagic)
Hippoglossus hippoglossus,NA,NA,buoyant (pelagic)
Lophius pictus,NA,NA,buoyant (pelagic)
Anchoviella commersonii,NA,NA,buoyant (pelagic)
Coryphaena rupestris,NA,3.75,
Bathyraja schroederi,NA,NA,on the bottom (demersal)
Serranus ouatalibi,NA,NA,
Hydrolagus lemures,NA,NA,on the bottom (demersal)
Scomber trachurus,NA,NA,buoyant (pelagic)
Raja smirnovi,NA,NA,in sand or gravel
Eucinostomus lefroyi,NA,NA,buoyant (pelagic)
Brotula clarki,NA,NA,buoyant (pelagic)
Atherina presbyter,NA,NA,fixed on plant or stone
Leiognathus nucleasis,NA,1.28,buoyant (pelagic)
Leiognathus nucleasis,NA,1.56,buoyant (pelagic)
Cyclopterus lumpus,NA,14,on the bottom (demersal)
Sarda orientalis,NA,NA,
Raja tobae,NA,NA,in sand or gravel
Alepes djeddaba,NA,NA,buoyant (pelagic)
Sprattus sprattus,NA,1.76,buoyant (pelagic)
Sprattus sprattus,NA,9.33,buoyant (pelagic)
Sprattus sprattus,NA,7.83,buoyant (pelagic)
Sprattus sprattus,NA,6.75,buoyant (pelagic)
Sprattus sprattus,NA,5.79,buoyant (pelagic)
Sprattus sprattus,NA,5.17,buoyant (pelagic)
Sprattus sprattus,NA,4.43,buoyant (pelagic)
Sprattus sprattus,NA,4.06,buoyant (pelagic)
Sprattus sprattus,NA,3.65,buoyant (pelagic)
Sprattus sprattus,NA,3.36,buoyant (pelagic)
Sprattus sprattus,NA,2.95,buoyant (pelagic)
Sprattus sprattus,NA,2.77,buoyant (pelagic)
Sprattus sprattus,NA,2.48,buoyant (pelagic)
Sprattus sprattus,NA,2.32,buoyant (pelagic)
Sprattus sprattus,NA,2.17,buoyant (pelagic)
Sprattus sprattus,NA,2.13,buoyant (pelagic)
Sprattus sprattus,NA,1.88,buoyant (pelagic)
Sprattus sprattus,NA,1.8,buoyant (pelagic)
Sprattus sprattus,NA,11.5,buoyant (pelagic)
Lutjanus surinamensis,NA,NA,buoyant (pelagic)
Caranx microbrachium,NA,NA,buoyant (pelagic)
Sebastes caurinus,NA,NA,in female (livebearers)
Prionotus scitulus longipennis,NA,NA,buoyant (pelagic)
Trachurus declivis,NA,NA,buoyant (pelagic)
Belone pacifica,NA,NA,on the bottom (demersal)
Liza ramada,NA,NA,
Trachinus vipera,NA,NA,buoyant (pelagic)
Prionotus paralatus,NA,NA,buoyant (pelagic)
Phycis blennoides,NA,NA,buoyant (pelagic)
Anodontostoma chacunda,NA,NA,buoyant (pelagic)
Belone platyura,NA,NA,on the bottom (demersal)
Thalassoma pavo,NA,NA,buoyant (pelagic)
Raja microocellata,NA,NA,in sand or gravel
Engraulis mordax,35,NA,buoyant (pelagic)
Scomber punctatus,NA,NA,buoyant (pelagic)
Belone imperialis,NA,NA,on the bottom (demersal)
Sebastes ijimae,NA,NA,in female (livebearers)
Caesio caerulaurea,NA,0.96,buoyant (pelagic)
Harengula forsteri,NA,0.71,buoyant (pelagic)
Stolephorus hamiltonii,NA,NA,buoyant (pelagic)
Scophthalmus maximus,39,3,buoyant (pelagic)
Scophthalmus maximus,39,7,buoyant (pelagic)
Scophthalmus maximus,39,5.42,buoyant (pelagic)
Scophthalmus maximus,39,5.29,buoyant (pelagic)
Scophthalmus maximus,39,5.17,buoyant (pelagic)
Scophthalmus maximus,39,5,buoyant (pelagic)
Scophthalmus maximus,39,4.71,buoyant (pelagic)
Scophthalmus maximus,39,9,buoyant (pelagic)
Scophthalmus maximus,39,5,buoyant (pelagic)
Scophthalmus maximus,39,7,buoyant (pelagic)
Scophthalmus maximus,39,9.5,buoyant (pelagic)
Raja springeri,NA,NA,on the bottom (demersal)
Sebastes crameri,NA,NA,in female (livebearers)
Hemiramphus saltator,NA,NA,fixed on plant or stone
Raja gudgeri,NA,NA,on the bottom (demersal)
Hydrolagus africanus,NA,NA,on the bottom (demersal)
Hippocampus queenslandicus,NA,NA,in brood pouch
Raja robertsi,NA,NA,on the bottom (demersal)
Acanthurus zebra,NA,1.08,buoyant (pelagic)
Stolephorus insularis,NA,NA,
Anchoviella peruana,NA,NA,
Raja falsavela maggiore,NA,NA,in sand or gravel
Prionotus tribulus crassiceps,NA,NA,buoyant (pelagic)
Coregonus rondeletii,19,NA,
Oncorhynchus masu,NA,NA,in sand or gravel
Gaidropsarus pacificus,NA,NA,buoyant (pelagic)
Liza ramado,NA,NA,
Limanda limanda,NA,3,buoyant (pelagic)
Limanda limanda,NA,7,buoyant (pelagic)
Limanda limanda,NA,12,buoyant (pelagic)
Limanda limanda,NA,12,buoyant (pelagic)
Stolephorus valenciennesi,NA,NA,buoyant (pelagic)
Rajella sadowskyii,NA,NA,on the bottom (demersal)
Salmo venernensis,NA,NA,on the bottom (demersal)
Phycis tinca,NA,NA,buoyant (pelagic)
Raja smithii,NA,NA,on the bottom (demersal)
Spratelloides japonicus,NA,NA,on the bottom (demersal)
Serranus lamprurus,NA,NA,buoyant (pelagic)
Anguilla oceanica,NA,NA,
Caranx symmetricus,0,1.5,buoyant (pelagic)
Cynoscion parvipinnis,NA,NA,buoyant (pelagic)
Serranus suillus,NA,NA,buoyant (pelagic)
Lethrinus miniatus,NA,NA,buoyant (pelagic)
Lepidopsetta bilineata,NA,NA,on the bottom (demersal)
Zearaja chilensis,NA,NA,on the bottom (demersal)
Raja schmidti,NA,NA,in sand or gravel
Scomber platinoides,NA,1.17,buoyant (pelagic)
Eptatretus cirrhatus,NA,NA,on the bottom (demersal)
Acanthurus nigricauda,NA,NA,buoyant (pelagic)
Bathyraja aleutica,NA,NA,in sand or gravel
Plotosus tandanus,NA,8.5,on the bottom (demersal)
Haemulon aurolineatum,NA,NA,buoyant (pelagic)
Trachipterus semiophorus,NA,NA,buoyant (pelagic)
Stolephorus zollingeri,47,NA,buoyant (pelagic)
Molva molva,NA,NA,buoyant (pelagic)
Raja clavata,NA,NA,in sand or gravel
Cepola macrophthalma,NA,NA,buoyant (pelagic)
Caranx rhonchus,NA,NA,buoyant (pelagic)
Raja spinacidermis,NA,NA,on the bottom (demersal)
Chimaera monstrosa,NA,NA,on the bottom (demersal)
Raja cerva,NA,NA,in sand or gravel
Salmo mykiss aguabonita,NA,NA,in sand or gravel
Acanthurus nigroris,NA,NA,buoyant (pelagic)
Decapterus macrosoma,NA,NA,
Phycis marginatus,NA,1.25,buoyant (pelagic)
Raja echinorhyncha,NA,NA,on the bottom (demersal)
Sebastes baramenuke,NA,NA,in female (livebearers)
Haemulon bonariense,NA,NA,buoyant (pelagic)
Bathyraja brachyurops,NA,NA,on the bottom (demersal)
Seriola tapeinometopon,NA,NA,buoyant (pelagic)
Atlantoraja castelnaui,NA,NA,in sand or gravel
Scomber germon,NA,NA,buoyant (pelagic)
Mullus surmuletus,NA,NA,buoyant (pelagic)
Seriolella punctata,NA,NA,buoyant (pelagic)
Archosargus rhomboidalis,21,NA,
Epinephelus guttatus,NA,1.12,buoyant (pelagic)
Argentina yarrelli,NA,NA,buoyant (pelagic)
Lophius histrio ocellatus,NA,NA,buoyant (pelagic)
Rastrelliger kanagurta,NA,NA,buoyant (pelagic)
Sillago schomburgkii,NA,NA,
Trachurus trachurus,NA,NA,buoyant (pelagic)
Coregonus muksun,NA,NA,in sand or gravel
Leucoraja circularis,NA,NA,in sand or gravel
Raja agassizi,NA,NA,on the bottom (demersal)
Raja powelli,NA,NA,on the bottom (demersal)
Rajella lintea,NA,NA,in sand or gravel
Selene dorsalis,NA,NA,buoyant (pelagic)
Coregonus sikus,NA,NA,
Haemulon flavolineatum,NA,NA,buoyant (pelagic)
Morone saxatilis,33,NA,buoyant (pelagic)
Epinephelus polyphekadion,NA,0.8,buoyant (pelagic)
Hemiramphus obtusus,NA,35,on the bottom (demersal)
Pleuragramma antarctica,NA,67.5,buoyant (pelagic)
Gadus macrocephalus,NA,29,on the bottom (demersal)
Trachinus radiatus,NA,NA,buoyant (pelagic)
Abudefduf caroli,NA,NA,in open nest
Tylosurus terebra,NA,NA,on the bottom (demersal)
Uranoscopus scaber,NA,NA,buoyant (pelagic)
Raja undulata,NA,NA,in sand or gravel
Salmo labradoricus,40,NA,
Sebastes brevispinus,NA,NA,in female (livebearers)
Centropomus mullus,46,4.67,buoyant (pelagic)
Centropomus mullus,46,2.29,buoyant (pelagic)
Centropomus mullus,46,2.57,buoyant (pelagic)
Sarda sarda,NA,NA,buoyant (pelagic)
Hyporhamphus rosae,NA,NA,buoyant (pelagic)
Mugil rammelsbergii,NA,1.54,buoyant (pelagic)
Mugil rammelsbergii,NA,2.04,buoyant (pelagic)
Mugil rammelsbergii,NA,1.5,buoyant (pelagic)
Mugil rammelsbergii,NA,2.14,buoyant (pelagic)
Mugil rammelsbergii,NA,1.08,buoyant (pelagic)
Raja cervigoni,NA,NA,on the bottom (demersal)
Bathyraja meridionalis,NA,NA,on the bottom (demersal)
Lepidorhombus boscii,NA,NA,buoyant (pelagic)
Cephalopholis fulva,NA,NA,
Stolephorus taty,NA,NA,
Raja trachyderma,NA,NA,on the bottom (demersal)
Sparidentex hasta,0,1.66,
Promethichthys prometheus,NA,NA,buoyant (pelagic)
Leucoraja fullonica,NA,NA,in sand or gravel
Cynoscion nothus,NA,NA,buoyant (pelagic)
Pomadasys davidsonii,NA,NA,buoyant (pelagic)
Salmo pallidus,NA,NA,on the bottom (demersal)
Harengula jaguana,0,NA,
Salmo muksun,NA,NA,in sand or gravel
Coryphaena hippurus,NA,2,buoyant (pelagic)
Coryphaena hippurus,NA,1.7,buoyant (pelagic)
Leiognathus splendens,NA,NA,
Coregonus sapidissimus,40,NA,
Dicentrarchus lupus,46,4.67,buoyant (pelagic)
Dicentrarchus lupus,46,2.29,buoyant (pelagic)
Dicentrarchus lupus,46,2.57,buoyant (pelagic)
Liza chelo,NA,NA,buoyant (pelagic)
Salmo paucidens,NA,NA,in sand or gravel
Scolopsis taeniopterus,19,NA,
Acanthurus lituratus,NA,NA,buoyant (pelagic)
Opisthonema oglinum,0,NA,
Merluccius productus,88,NA,
Morone labrax,46,4.67,buoyant (pelagic)
Morone labrax,46,2.29,buoyant (pelagic)
Morone labrax,46,2.57,buoyant (pelagic)
Solea senegalensis mbaoensis,NA,NA,buoyant (pelagic)
Stolephorus insularis oceanicus,NA,NA,
Belone belone,NA,35,on the bottom (demersal)
Stolephorus waitei,NA,NA,buoyant (pelagic)
Trachipterus ishikawae,NA,NA,buoyant (pelagic)
Pterocaesio marri,NA,NA,buoyant (pelagic)
Phycis punctatus,NA,2.38,
Bathyraja rosispinis,NA,NA,in sand or gravel
Bathyraja aguja,NA,NA,on the bottom (demersal)
Alosa pseudoharengus,0,2.1,buoyant (pelagic)
Alosa pseudoharengus,0,3.39,buoyant (pelagic)
Alosa pseudoharengus,0,3.7,buoyant (pelagic)
Alosa pseudoharengus,0,4,buoyant (pelagic)
Alosa pseudoharengus,0,4.2,buoyant (pelagic)
Alosa pseudoharengus,0,6,buoyant (pelagic)
Alosa pseudoharengus,0,15,buoyant (pelagic)
Hippocampus kelloggi,NA,NA,in brood pouch
Hydrolagus macrophthalmus,NA,NA,on the bottom (demersal)
Sebastes diploproa,NA,NA,in female (livebearers)
Nectamia savayensis,NA,NA,in mouth (mouthbrooders)
Lophius viviparus,NA,NA,buoyant (pelagic)
Raja campbelli,NA,NA,on the bottom (demersal)
Ammodytes dubius,NA,NA,on the bottom (demersal)
Scomber niger,NA,NA,buoyant (pelagic)
Abudefduf sexatilis,NA,6.56,on the bottom (demersal)
Raja bigelowi,NA,NA,in sand or gravel
Sebastes emphaeus,NA,NA,in female (livebearers)
Caranx trachurus mediterraneus,NA,NA,buoyant (pelagic)
Pegusa lascaris,NA,NA,buoyant (pelagic)
Pleuronectes platessa,100,NA,buoyant (pelagic)
Caranx trachurus,NA,NA,buoyant (pelagic)
Spicara royeri,NA,NA,buoyant (pelagic)
Raja rhina,NA,NA,in sand or gravel
Serranus polyphekadion,NA,0.8,buoyant (pelagic)
Raja lentiginosa,NA,NA,on the bottom (demersal)
Trematomus newnesi,NA,NA,on the bottom (demersal)
Seriola songoro,NA,NA,buoyant (pelagic)
Seriola dumerili,NA,NA,buoyant (pelagic)
Sebastes babcocki,NA,NA,in female (livebearers)
Sebastes melanostomus,NA,NA,in female (livebearers)
Sebastes hopkinsi,NA,NA,in female (livebearers)
Siganus oramin,NA,NA,on the bottom (demersal)
Rajella kukujevi,NA,NA,on the bottom (demersal)
Rajella nigerrima,NA,NA,on the bottom (demersal)
Lateolabrax japonicus,NA,4.5,buoyant (pelagic)
Alosa mediocris,NA,2.46,on the bottom (demersal)
Engraulis japonicus,47,NA,buoyant (pelagic)
Paracirrhites forsteri,NA,NA,buoyant (pelagic)
Acanthurus nigricaudus,NA,NA,buoyant (pelagic)
Salmo warreni,NA,NA,
Salmo tullibee,26,NA,
Belone trachura,NA,NA,on the bottom (demersal)
Polynemus tetradactylus,NA,NA,buoyant (pelagic)
Raja multispinis,NA,NA,on the bottom (demersal)
Rajella ravidula,NA,NA,on the bottom (demersal)
Hydrolagus mitsukurii,NA,NA,on the bottom (demersal)
Sebastes jordani,NA,NA,in female (livebearers)
Oxymonacanthus longirostris,NA,2.23,fixed on plant or stone
Raja murrayi,NA,NA,in sand or gravel
Solea solea,35,10,buoyant (pelagic)
Sciaena umbra,NA,NA,buoyant (pelagic)
Scomber rochei,16,NA,buoyant (pelagic)
Chelidonichthys lucerna,NA,NA,buoyant (pelagic)
Decapterus ronchus,NA,NA,buoyant (pelagic)
Belone subtruncata,NA,NA,on the bottom (demersal)
Raja boesemani,NA,NA,in sand or gravel
Coregonus maraena pommerana,NA,NA,in sand or gravel
Salmo wartmanni,NA,NA,in sand or gravel
Raja garmani,NA,NA,in sand or gravel
Raja crosnieri,NA,NA,on the bottom (demersal)
Stolephorus insularum,NA,NA,buoyant (pelagic)
Oncorhynchus lagocephalus,NA,NA,in sand or gravel
Hippocampus procerus,NA,NA,in brood pouch
Dicentrarchus labrax,46,4.67,buoyant (pelagic)
Dicentrarchus labrax,46,2.29,buoyant (pelagic)
Dicentrarchus labrax,46,2.57,buoyant (pelagic)
Lutjanus stearnsii,NA,NA,buoyant (pelagic)
Stolephorus tapirulus,74,NA,buoyant (pelagic)
Raja spinicauda,NA,NA,in sand or gravel
Sympterygia bonapartii,NA,NA,in sand or gravel
Leucoraja erinacea,NA,NA,in sand or gravel
Siganus luridus,NA,NA,on the bottom (demersal)
Coregonus coulterii,NA,NA,
Stolephorus ischanus,NA,NA,
Salmo stellatus,NA,NA,
Sebastes macrochir,NA,NA,buoyant (pelagic)
Epinephelus multinotatus,NA,NA,buoyant (pelagic)
Ammodytes marinus,NA,NA,in sand or gravel
Alosa squamopinnata,NA,NA,on the bottom (demersal)
Hemiramphus unifasciatus,NA,NA,
Belone canciloides,NA,NA,on the bottom (demersal)
Trachipterus arcticus,NA,NA,buoyant (pelagic)
Opisthonema libertate,NA,NA,buoyant (pelagic)
Raja nidrosiensis,NA,NA,in sand or gravel
Alosa musica,44,2.5,buoyant (pelagic)
Alosa musica,44,2,buoyant (pelagic)
Alosa musica,44,1.75,buoyant (pelagic)
Alosa musica,44,3.7,buoyant (pelagic)
Caranx glaucus,NA,NA,buoyant (pelagic)
Abudefduf abdominalis,NA,NA,on the bottom (demersal)
Seriola lalandi,NA,3,buoyant (pelagic)
Raja plutonia,NA,NA,on the bottom (demersal)
Decapterus santa helenae,NA,NA,buoyant (pelagic)
Bathyraja smirnovi,NA,NA,in sand or gravel
Strongylura incisa,NA,NA,on the bottom (demersal)
Diplodus annularis,NA,NA,
Zenopsis nebulosa,NA,NA,
Raja kukujevi,NA,NA,on the bottom (demersal)
Chaetodipterus faber,NA,1,
Makaira zelandica,NA,NA,
Siganus vitianus,NA,1.04,
Arius graeffei,NA,NA,in open nest
Makaira mazara,NA,NA,buoyant (pelagic)
Raja pulchra,NA,NA,in sand or gravel
Stolephorus pacificus,NA,NA,
Archosargus probatocephalus,NA,1.67,
Serranus stathouderi,NA,1.12,buoyant (pelagic)
Caranx gervaisi,NA,NA,buoyant (pelagic)
Abudefduf vargensis,NA,NA,on the bottom (demersal)
Hippocampus barbouri,NA,NA,in brood pouch
Arctoscopus japonicus,NA,NA,on the bottom (demersal)
Raja rosispinis,NA,NA,in sand or gravel
Uranoscopus micropterygius,NA,NA,buoyant (pelagic)
Raja compagnoi,NA,NA,on the bottom (demersal)
Clupea pallasii pallasii,NA,15,on the bottom (demersal)
Rajella bathyphila,NA,NA,on the bottom (demersal)
Prionotus scitulus,NA,NA,buoyant (pelagic)
Genypterus nigricans,NA,NA,buoyant (pelagic)
Hexagrammos decagrammus,NA,NA,
Raja rouxi,NA,NA,on the bottom (demersal)
Theragra chalcogramma,108,NA,buoyant (pelagic)
Naso lituratus,NA,NA,buoyant (pelagic)
Seriola rivoliana,NA,NA,buoyant (pelagic)
Sebastes glaucus,NA,NA,in female (livebearers)
Trisopterus esmarkii,NA,NA,buoyant (pelagic)
Hydrolagus affinis,NA,NA,on the bottom (demersal)
Haemulon rimator,NA,NA,buoyant (pelagic)
Parachaenichthys georgianus,NA,105,on the bottom (demersal)
Mola buchanani,NA,NA,
Katsuwonus pelamis,20,1.1,buoyant (pelagic)
Lutjanus kasmira,NA,0.75,buoyant (pelagic)
Raja australis,NA,NA,in sand or gravel
Spicara maena maena,NA,NA,on the bottom (demersal)
Caranx richardi,NA,NA,buoyant (pelagic)
Raja parcomaculata,NA,NA,in sand or gravel
Raja teevani,NA,NA,on the bottom (demersal)
Solea ovata,NA,NA,buoyant (pelagic)
Siganus nebulosus,NA,NA,on the bottom (demersal)
Anoplopoma fimbria,NA,NA,buoyant (pelagic)
Scarus dentiens,NA,NA,buoyant (pelagic)
Genypterus brasiliensis,NA,NA,buoyant (pelagic)
Raja caudaspinosa,NA,NA,on the bottom (demersal)
Sphoeroides nephelus,NA,NA,on the bottom (demersal)
Ablennes hians,NA,NA,on the bottom (demersal)
Bathyraja andriashevi,NA,NA,on the bottom (demersal)
Acipenser transmontanus,NA,7,on the bottom (demersal)
Cynoscion xanthulus,NA,NA,buoyant (pelagic)
Chionobathyscus dewitti,NA,NA,on the bottom (demersal)
Belone krefftii,NA,NA,on the bottom (demersal)
Lutjanus campechianus,NA,1,
Chromis chromis,NA,NA,in open nest
Raja scaphiops,NA,NA,on the bottom (demersal)
Trachipterus trachyurus,NA,NA,buoyant (pelagic)
Bathyraja papilonifera,NA,NA,on the bottom (demersal)
Caesio suevicus,NA,NA,buoyant (pelagic)
Muraenesox talabonoides,NA,NA,
Oncorhynchus nerka,NA,NA,in sand or gravel
Sebastes swifti,NA,NA,in female (livebearers)
Dascyllus trimaculatus,NA,NA,
Coregonus thymalloides,NA,NA,
Sciades couma,NA,NA,in mouth (mouthbrooders)
Myoxocephalus quadricornis,NA,90,
Myoxocephalus quadricornis,NA,55,
Myoxocephalus quadricornis,NA,74,
Myoxocephalus quadricornis,NA,97,
Anchoviella ischana,NA,NA,
Platax scalaris,NA,NA,
Sebastes paucispinus,NA,NA,
Anthias anthias,NA,NA,buoyant (pelagic)
Bathyraja asperula,NA,NA,in sand or gravel
Raja badia,NA,NA,on the bottom (demersal)
Aluterus velutinus,NA,NA,
Caesio chrysozonus,NA,NA,buoyant (pelagic)
Trachipterus fukuzakii,NA,NA,buoyant (pelagic)
Acanthurus velifer,NA,NA,buoyant (pelagic)
Plotosus vittatus,NA,NA,on the bottom (demersal)
Dentex hasta,0,1.66,
Sebastes lentiginosus,NA,NA,in female (livebearers)
Salarias fasciatus,NA,NA,on the bottom (demersal)
Lachnolaimus maximus,NA,0.96,
Salmo spirinchus,NA,NA,on the bottom (demersal)
Mesogobius batrachocephalus,NA,NA,on the bottom (demersal)
Trachurus cordyla,NA,NA,buoyant (pelagic)
Scomber amarui,NA,NA,buoyant (pelagic)
Stolephorus rex,NA,NA,buoyant (pelagic)
Paralichthys albigutta,NA,NA,buoyant (pelagic)
Lophius piscatorius,NA,NA,buoyant (pelagic)
Carangoides fusus,NA,NA,buoyant (pelagic)
Hydrolagus novaezelandiae,NA,NA,on the bottom (demersal)
Bathyraja irrasa,NA,NA,in sand or gravel
Siganus siganus,NA,NA,on the bottom (demersal)
Salmo hucho,NA,30,in sand or gravel
Sebastes entomelas,NA,NA,in female (livebearers)
Solea variegata,NA,NA,buoyant (pelagic)
Belone robusta,NA,NA,on the bottom (demersal)
Bathylagus nigrigenys,NA,NA,buoyant (pelagic)
Trematomus skotti,NA,NA,on the bottom (demersal)
Scomber hippos,NA,NA,buoyant (pelagic)
Dorosoma petenense,NA,3,fixed on plant or stone
Trachinus draco,NA,4.5,buoyant (pelagic)
Hippocampus subelongatus,NA,NA,in brood pouch
Stolephorus advenus,NA,NA,
Salmo olidus,NA,11,
Salmo olidus,NA,18,
Sebastes helvomaculatus,NA,NA,in female (livebearers)
Salmo salar,NA,220,in covered nest (i.e. burrow or tunnel)
Bathyraja scaphiops,NA,NA,on the bottom (demersal)
Merluccius bilinearis,NA,2,buoyant (pelagic)
Tylosurus raphidoma,NA,NA,on the bottom (demersal)
Dorosoma chacunda,NA,NA,buoyant (pelagic)
Sebastes paucispinis,NA,NA,
Bathyraja eatonii,NA,NA,on the bottom (demersal)
Gobius niger,NA,NA,on the bottom (demersal)
Semicossyphus pulcher,52,NA,
Pagrus major,47,NA,
Mugil salmoneus,44,1.1,buoyant (pelagic)
Mugil salmoneus,44,1.2,buoyant (pelagic)
Mugil salmoneus,44,1.11,buoyant (pelagic)
Mugil salmoneus,44,1,buoyant (pelagic)
Cynoscion regalis,NA,1.7,buoyant (pelagic)
Salmo thymalloides,NA,NA,
Auxis thazard,10,NA,
Caesio xanthonotus,NA,NA,buoyant (pelagic)
Raja herwigi,NA,NA,on the bottom (demersal)
Belone strongylurus,NA,NA,on the bottom (demersal)
Arripis trutta,NA,NA,buoyant (pelagic)
Scomber gunneri,NA,NA,buoyant (pelagic)
Pterocaesio trilineata,NA,NA,buoyant (pelagic)
Mullus fasciatus,NA,NA,in mouth (mouthbrooders)
Cypselurus californicus,NA,NA,fixed on plant or stone
Stolephorus compressus,NA,NA,buoyant (pelagic)
Caesio erythrogaster,NA,NA,buoyant (pelagic)
Chelidonichthys kumu,NA,7,buoyant (pelagic)
Tylosurus sagitta,NA,NA,on the bottom (demersal)
Elagatis bipinnulata,NA,NA,buoyant (pelagic)
Salmo omiscomaycus,NA,NA,on the bottom (demersal)
Trigla peronii,NA,7,buoyant (pelagic)
Hydrolagus barbouri,NA,NA,on the bottom (demersal)
Clupea bentincki,NA,NA,buoyant (pelagic)
Sardinops sagax,44,2.5,buoyant (pelagic)
Sardinops sagax,44,2,buoyant (pelagic)
Sardinops sagax,44,1.75,buoyant (pelagic)
Sardinops sagax,44,3.7,buoyant (pelagic)
Mallotus villosus,150,NA,in sand or gravel
Dentex setigerus,NA,1.17,buoyant (pelagic)
Lepidonotothen nudifrons,NA,120,on the bottom (demersal)
Salmo microps,NA,NA,buoyant (pelagic)
Apogonichthys ocellatus,NA,NA,on the bottom (demersal)
Sebastes inermis,NA,NA,in female (livebearers)
Hippocampus coronatus,NA,NA,in brood pouch
Raja rondeleti,NA,NA,on the bottom (demersal)
Anchoviella waitei,NA,NA,buoyant (pelagic)
Thaleichthys pacificus,NA,21,in sand or gravel
Dorosoma nasus,NA,NA,buoyant (pelagic)
Ostorhinchus lateralis,NA,NA,in mouth (mouthbrooders)
Sphoeroides parvus,NA,NA,on the bottom (demersal)
Scarus festivus,NA,NA,buoyant (pelagic)
Salvelinus pluvius,NA,NA,in sand or gravel
Uranoscopus y graecum,NA,NA,buoyant (pelagic)
Platybelone argalus platyura,NA,NA,on the bottom (demersal)
Muraenolepis microps,NA,NA,buoyant (pelagic)
Raja cooperi,NA,NA,in sand or gravel
Scomber scombrus,40,6,buoyant (pelagic)
Scomber scombrus,40,6,buoyant (pelagic)
Scomber scombrus,40,2.06,buoyant (pelagic)
Scomber scombrus,40,7.38,buoyant (pelagic)
Trematomus loennbergii,NA,NA,on the bottom (demersal)
Liza auratus,NA,NA,buoyant (pelagic)
Bathyraja diplotaenia,NA,NA,in sand or gravel
Siganus rivulatus,NA,NA,on the bottom (demersal)
Oncorhynchus nerka kennerlyi,NA,NA,in sand or gravel
Harengula abrau,NA,0.5,buoyant (pelagic)
Pomadasys crocro,NA,NA,
Leucoraja naevus,NA,NA,in sand or gravel
Raja macloviana,NA,NA,on the bottom (demersal)
Liza saliens furcata,NA,NA,
Selar boops,NA,NA,buoyant (pelagic)
Scomberomorus cavalla,12,NA,
Terapon jarbua,NA,NA,buoyant (pelagic)
Bathyraja spinosissima,NA,NA,on the bottom (demersal)
Tylosurus impotens,NA,NA,on the bottom (demersal)
Dipturus nidarosiensis,NA,NA,in sand or gravel
Decapterus punctatus,NA,NA,buoyant (pelagic)
Hippocampus vulgaris,NA,NA,in brood pouch
Raja ecuadoriensis,NA,NA,on the bottom (demersal)
Trachipterus trachypterus,NA,NA,buoyant (pelagic)
Rajella caudaspinosa,NA,NA,on the bottom (demersal)
Callorhinchus capensis,NA,NA,on the bottom (demersal)
Raja taaf,NA,NA,on the bottom (demersal)
Sebastes itinus,NA,NA,in female (livebearers)
Bathylagus pacificus,NA,NA,buoyant (pelagic)
Lutjanus triangulum,22,NA,
Haemulon luteus,NA,NA,buoyant (pelagic)
Tylosurus pacificus,NA,NA,on the bottom (demersal)
Molva maculosa,NA,30,on the bottom (demersal)
Molva maculosa,NA,71,on the bottom (demersal)
Raja equitorialis,NA,NA,on the bottom (demersal)
Mugil ramado,NA,NA,
Stolephorus perthecatus,NA,NA,buoyant (pelagic)
Coregonus nasus,NA,NA,
Gymnothorax muraena,NA,NA,buoyant (pelagic)
Myoxocephalus verrucosus,NA,NA,on the bottom (demersal)
Sebastes capensis,NA,NA,in female (livebearers)
Sebastes melanops,NA,NA,in female (livebearers)
Rhinochimaera atlantica,NA,NA,on the bottom (demersal)
Hydrolagus waitei,NA,NA,on the bottom (demersal)
Salmo trutta,NA,NA,on the bottom (demersal)
Decapterus russelli,NA,NA,buoyant (pelagic)
Raja innominata,NA,NA,on the bottom (demersal)
Stolephorus tri,NA,NA,buoyant (pelagic)
Sphyraena acus,NA,NA,on the bottom (demersal)
Chaenocephalus aceratus,NA,105,on the bottom (demersal)
Chaenocephalus aceratus,NA,120,on the bottom (demersal)
Serranus vitta,NA,NA,
Genypterus maculatus,NA,NA,buoyant (pelagic)
Prionotus strigatus,NA,NA,buoyant (pelagic)
Micromesistius poutassou,0,4,buoyant (pelagic)
Micromesistius poutassou,0,11.5,buoyant (pelagic)
Raja georgiana,NA,NA,on the bottom (demersal)
Brotula armata,NA,NA,buoyant (pelagic)
Anchoviella delicatissima,NA,NA,buoyant (pelagic)
Belone leiuroides,NA,NA,on the bottom (demersal)
Raja bullisi,NA,NA,on the bottom (demersal)
Decapterus macarellus,NA,0.38,buoyant (pelagic)
Gobionotothen gibberifrons,NA,50,on the bottom (demersal)
Belone vulgaris,NA,35,on the bottom (demersal)
Scomber unicolor,NA,NA,buoyant (pelagic)
Stolephorus opercularis,NA,NA,buoyant (pelagic)
Mullus imberbis,NA,NA,in mouth (mouthbrooders)
Brotula jerdoni,NA,NA,buoyant (pelagic)
Raja ravidula,NA,NA,on the bottom (demersal)
Alosa tanaica,NA,NA,buoyant (pelagic)
Raja garricki,NA,NA,on the bottom (demersal)
Acanthocybium solandri,NA,NA,buoyant (pelagic)
Lepophidium brevibarbe,NA,NA,buoyant (pelagic)
Genypterus microstomus,NA,NA,buoyant (pelagic)
Belone lovii,NA,NA,on the bottom (demersal)
Acipenser sturio,NA,5,
Salmo pluvius,NA,NA,in sand or gravel
Mola rotunda,NA,NA,buoyant (pelagic)
Brama brama,NA,NA,buoyant (pelagic)
Neopagetopsis ionah,NA,NA,on the bottom (demersal)
Sebastes caenaematicus,NA,NA,in female (livebearers)
Mugil curema,NA,NA,buoyant (pelagic)
Scomber thynnus,28,3,buoyant (pelagic)
Tylosurus chorum,NA,NA,on the bottom (demersal)
Caranx trecae,NA,NA,buoyant (pelagic)
Callorhinchus milii,NA,NA,on the bottom (demersal)
Oncorhynchus gorbuscha,NA,NA,
Scomber maculatus,9,0.65,
Scomber maculatus,9,1.02,
Scomber maculatus,9,1.04,
Salmo tsuppitch,NA,NA,
Plectropomus leopardus,NA,1.07,buoyant (pelagic)
Raja clarkii,NA,NA,on the bottom (demersal)
Amblyraja hyperborea,NA,NA,in sand or gravel
Terapon timorensis,NA,NA,buoyant (pelagic)
Genypterus chilensis,NA,NA,buoyant (pelagic)
Bathyraja albomaculata,NA,NA,on the bottom (demersal)
Platycephalus indicus,NA,1,
Scomber djedaba,NA,NA,buoyant (pelagic)
Decapterus polyaspis,0,1.5,buoyant (pelagic)
Seriola bipinnulata,NA,NA,buoyant (pelagic)
Salmo schokur,NA,NA,
Rachycentron canadum,NA,NA,buoyant (pelagic)
Epinephelus coioides,NA,NA,buoyant (pelagic)
Hippocampus jayakari,NA,NA,in brood pouch
Raja radula,NA,NA,in sand or gravel
Trachinotus ovatus,NA,NA,buoyant (pelagic)
Caranx hippos,NA,NA,buoyant (pelagic)
Trematomus eulepidotus,NA,150,on the bottom (demersal)
Rajella eisenhardti,NA,NA,on the bottom (demersal)
Salvelinus fontinalis,NA,NA,
Cetengraulis edentulus,NA,NA,
Arius acutivelis,NA,NA,
Peprilus triacanthus,NA,3,buoyant (pelagic)
Atherina boyeri,NA,NA,fixed on plant or stone
Hemiramphus cuspidatus,NA,NA,buoyant (pelagic)
Arnoglossus laterna,NA,6,buoyant (pelagic)
Dipturus oxyrinchus,NA,NA,in sand or gravel
Trigla milvus,NA,7,buoyant (pelagic)
Trigla milvus,NA,5,buoyant (pelagic)
Belone latimana,NA,NA,on the bottom (demersal)
Rajella leopardus,NA,NA,in sand or gravel
Belone esocina,NA,NA,on the bottom (demersal)
Coregonus brevis,28,NA,on the bottom (demersal)
Stenodus leucichthys,NA,NA,on the bottom (demersal)
Osmerus eperlanus,NA,NA,on the bottom (demersal)
Clupea harengus,160,NA,on the bottom (demersal)
Trigla palmipes,NA,2.5,buoyant (pelagic)
Trigla palmipes,NA,3.71,buoyant (pelagic)
Trachurus symmetricus symmetricus,0,1.5,buoyant (pelagic)
Raja frerichsi,NA,NA,on the bottom (demersal)
Bathyraja maccaini,NA,NA,in sand or gravel
Acanthurus xanthurus,NA,NA,buoyant (pelagic)
Mugil forsteri,NA,NA,buoyant (pelagic)
Caesio gymnopterus,NA,NA,buoyant (pelagic)
Morone rufa,85,NA,
Albula glossodonta,NA,NA,buoyant (pelagic)
Kyphosus incisor,NA,NA,buoyant (pelagic)
Trematomus nicolai,NA,NA,on the bottom (demersal)
Trigla lucerna,NA,NA,buoyant (pelagic)
Harengula zeylanica,NA,NA,buoyant (pelagic)
Amblyraja taaf,NA,NA,on the bottom (demersal)
Salmo friderici,NA,NA,buoyant (pelagic)
Atlantoraja cyclophora,NA,NA,on the bottom (demersal)
Mugil troschellii,NA,0.96,
Sardinella fimbricata,NA,NA,
Pterothrissus belloci,NA,NA,buoyant (pelagic)
Raja leopardus,NA,NA,in sand or gravel
Tylosurus strongylurus,NA,NA,on the bottom (demersal)
Raja heemstrai,NA,NA,on the bottom (demersal)
Lactophrys tricornis,NA,2,buoyant (pelagic)
Terapon richardsoni,NA,0.5,buoyant (pelagic)
Chionodraco myersi,NA,NA,on the bottom (demersal)
Sebastes minor,NA,NA,in female (livebearers)
Pleuronichthys decurrens,NA,7,buoyant (pelagic)
Gerres oblongus,NA,NA,buoyant (pelagic)
Salmo pacificus,NA,21,in sand or gravel
Platichthys stellatus,NA,2.83,
Platichthys stellatus,NA,4.58,
Ammodytes hexapterus,NA,NA,on the bottom (demersal)
Hippocampus capensis,NA,NA,in brood pouch
Salmo rivularis,NA,17,fixed on plant or stone
Salmo rivularis,NA,14,fixed on plant or stone
Pagrus auratus,NA,NA,buoyant (pelagic)
Sebastes viviparus,NA,NA,
Anchoviella lucida,NA,NA,
Pagellus centrodontus,NA,NA,
Conodon nobilis,NA,NA,buoyant (pelagic)
Cypselurus hubbsi,NA,NA,fixed on plant or stone
Scatophagus argus,NA,0.92,buoyant (pelagic)
Acanthurus dussumieri,NA,NA,buoyant (pelagic)
Spicara maena,NA,NA,on the bottom (demersal)
Raja batis,NA,NA,in sand or gravel
Coregonus albula,28,NA,on the bottom (demersal)
Bathyraja macloviana,NA,NA,on the bottom (demersal)
Sebastes flavidus,NA,NA,in female (livebearers)
Hippoglossoides elassodon,NA,NA,buoyant (pelagic)
Scomberomorus tritor,NA,NA,buoyant (pelagic)
Thryssa hamiltonii,NA,NA,buoyant (pelagic)
Rioraja agassizii,NA,NA,on the bottom (demersal)
Scomber fasciatus,NA,NA,buoyant (pelagic)
Eutrigla gurnardus,NA,7,buoyant (pelagic)
Eutrigla gurnardus,NA,5,buoyant (pelagic)
Apogon trimaculatus,NA,NA,in mouth (mouthbrooders)
Lycodes vachonii,NA,NA,on the bottom (demersal)
Scomber vulgaris,40,6,buoyant (pelagic)
Scomber vulgaris,40,6,buoyant (pelagic)
Scomber vulgaris,40,2.06,buoyant (pelagic)
Scomber vulgaris,40,7.38,buoyant (pelagic)
Lutjanus scandens,NA,NA,buoyant (pelagic)
Encrasicholina punctifer,NA,NA,buoyant (pelagic)
Prionotus pileatus,NA,2.5,buoyant (pelagic)
Prionotus pileatus,NA,3.71,buoyant (pelagic)
Encrasicholina devisi,NA,NA,buoyant (pelagic)
Raja aleutica,NA,NA,in sand or gravel
Lutjanus virescens,NA,NA,on the bottom (demersal)
Salmo sikus,NA,NA,
Coregonus sardinella,NA,NA,in sand or gravel
Scomber sloanei,25,1.34,buoyant (pelagic)
Scomber sloanei,25,1.4,buoyant (pelagic)
Scomber sloanei,25,1.85,buoyant (pelagic)
Pseudobalistes flavimarginatus,NA,NA,in sand or gravel
Hippocampus reidi,NA,NA,in brood pouch
Thunnus sibi,NA,0.88,buoyant (pelagic)
Hippocampus kaupii,NA,NA,in brood pouch
Dicologlossa cuneata,NA,NA,buoyant (pelagic)
Coregonus lavaretus,19,NA,
Zoramia gilberti,NA,NA,in mouth (mouthbrooders)
Isurus oxyrinchus,NA,NA,in female (livebearers)
Genypterus capensis,NA,NA,buoyant (pelagic)
Myxine glutinosa,NA,NA,on the bottom (demersal)
Decapterus russellii,NA,NA,buoyant (pelagic)
Apogon exostigma,NA,NA,in mouth (mouthbrooders)
Pomadasys fulvomaculatus,NA,NA,buoyant (pelagic)
Raja acutispina,NA,NA,in sand or gravel
Umbrina cirrosa,NA,NA,buoyant (pelagic)
Sebastes moseri,NA,NA,in female (livebearers)
Lutjanus diacanthus,NA,0.67,
Lutjanus diacanthus,NA,0.73,
Lutjanus diacanthus,NA,0.79,
Lutjanus diacanthus,NA,0.85,
Lutjanus diacanthus,NA,1.08,
Salmo socialis,150,NA,in sand or gravel
Tylosurus leiurus,NA,NA,fixed on plant or stone
Bathyraja spinifera,NA,NA,on the bottom (demersal)
Oreochromis mossambicus,0,NA,in mouth (mouthbrooders)
Raja pullopunctata,NA,NA,on the bottom (demersal)
Belone tenuirostris,NA,NA,fixed on plant or stone
Pomadasys pacifici,NA,NA,buoyant (pelagic)
Eucinostomus havana,NA,NA,buoyant (pelagic)
Sebastes macdonaldi,NA,NA,in female (livebearers)
Caranx sanctaehelenae,NA,NA,buoyant (pelagic)
Seriola sparna,NA,2.08,
Bathylagus ochotensis,NA,NA,buoyant (pelagic)
Caesio pisang,NA,NA,buoyant (pelagic)
Bathyraja trachouros,NA,NA,in sand or gravel
Aphia minuta,NA,NA,on the bottom (demersal)
Apogon amboinensis,NA,NA,in mouth (mouthbrooders)
Oncorhynchus mykiss aguabonita,NA,NA,in sand or gravel
Centropomus aureus,NA,NA,in mouth (mouthbrooders)
Raja kincaidii,NA,NA,in sand or gravel
Ammodytes lanceolatus,NA,NA,on the bottom (demersal)
Cephalopholis fulvus,NA,NA,
Trachurus novaezelandiae,NA,NA,buoyant (pelagic)
Belone graii,NA,NA,on the bottom (demersal)
Bathyraja shuntovi,NA,NA,in sand or gravel
Trisopterus minutus,NA,NA,buoyant (pelagic)
Hippocampus bargibanti,NA,NA,in brood pouch
Sardinella longiceps,NA,NA,buoyant (pelagic)
Zebrasoma velifer,NA,NA,buoyant (pelagic)
Tautoga onitis,NA,1.81,buoyant (pelagic)
Raja rubus,NA,NA,in sand or gravel
Thunnus zacalles,25,1.34,buoyant (pelagic)
Thunnus zacalles,25,1.4,buoyant (pelagic)
Thunnus zacalles,25,1.85,buoyant (pelagic)
Sebastes fasciatus,NA,NA,in female (livebearers)
Raja flavirostris,NA,NA,on the bottom (demersal)
Alosa teres,0,1.5,buoyant (pelagic)
Alosa teres,0,2,buoyant (pelagic)
Alosa teres,0,2.08,buoyant (pelagic)
Alosa teres,0,5.62,buoyant (pelagic)
Sebastes alutus,NA,NA,in female (livebearers)
Bathyraja fedorovi,NA,NA,on the bottom (demersal)
Hippocampus multispinus,NA,NA,in brood pouch
Apogon kallopterus,NA,NA,in mouth (mouthbrooders)
Umbrina canariensis,NA,NA,buoyant (pelagic)
Caesio trilineata,NA,NA,buoyant (pelagic)
Brachydeuterus auritus,NA,NA,buoyant (pelagic)
Centropomus sandat,0,NA,fixed on plant or stone
Rhincodon typus,NA,NA,in female (livebearers)
Epinephelus sp.,NA,NA,buoyant (pelagic)
Apogon guamensis,NA,NA,in mouth (mouthbrooders)
Cephalopholis tauvina,NA,1,
Cephalopholis tauvina,NA,1,
Cephalopholis tauvina,NA,1.27,
Echiodon cryomargarites,NA,NA,buoyant (pelagic)
Lepidorhombus whiffiagonis,NA,7,buoyant (pelagic)
Coregonus pidschian,NA,NA,
Salmo lavaretus,19,NA,
Scorpaena capensis,NA,NA,in female (livebearers)
Sebastes constellatus,NA,NA,in female (livebearers)
Raja straeleni,NA,NA,on the bottom (demersal)
Raja leptocauda,NA,NA,on the bottom (demersal)
Salvelinus timagamiensis,NA,NA,
Coris julis,NA,NA,buoyant (pelagic)
Hippocampus sindonis,NA,NA,in brood pouch
Tylosurus rafale,NA,NA,on the bottom (demersal)
Tylosurus melanotus,NA,NA,on the bottom (demersal)
Salmo maraena,NA,NA,in sand or gravel
Belone macleayana,NA,NA,on the bottom (demersal)
Plotosus lineatus,NA,NA,on the bottom (demersal)
Seriola carpenteri,NA,NA,buoyant (pelagic)
Raja reversa,NA,NA,on the bottom (demersal)
Gymnothorax unicolor,NA,NA,
Sebastes darwini,NA,NA,in female (livebearers)
Hippocampus borboniensis,NA,NA,in brood pouch
Encheliophis gracilis,NA,NA,buoyant (pelagic)
Conger oceanicus,NA,NA,
Sebastes exsul,NA,NA,in female (livebearers)
Raja leucosticta,NA,NA,on the bottom (demersal)
Argentina pennanti,NA,NA,buoyant (pelagic)
Aulostomus chinensis,NA,NA,buoyant (pelagic)
Bathyraja notoroensis,NA,NA,on the bottom (demersal)
Trematomus borchgrevinki,NA,NA,on the bottom (demersal)
Lampris regius,NA,NA,buoyant (pelagic)
Raja texana,NA,NA,in sand or gravel
Thunnus rocheanus,16,NA,buoyant (pelagic)
Zoramia perlita,NA,NA,in mouth (mouthbrooders)
Caranx pinnulatus,NA,0.38,buoyant (pelagic)
Pseudopleuronectes americanus,87,NA,on the bottom (demersal)
Lutjanus argentiventris,NA,NA,buoyant (pelagic)
Hydrolagus trolli,NA,NA,on the bottom (demersal)
Paralichthys olivaceus,NA,NA,buoyant (pelagic)
Belone truncata,NA,NA,on the bottom (demersal)
Sebastes norvegicus,NA,NA,in female (livebearers)
Arius thunbergi,NA,NA,buoyant (pelagic)
Menidia menidia,35,NA,on the bottom (demersal)
Raja stellata,NA,NA,in sand or gravel
Harengula pensacolae,0,NA,
Siganus vermiculatus,NA,NA,on the bottom (demersal)
Lates calcarifer,NA,0.58,buoyant (pelagic)
Lates calcarifer,NA,0.7,buoyant (pelagic)
Abudefduf melanopselion,18,NA,
Salmo lagocephalus,NA,NA,in sand or gravel
Ammodytes terebrans,NA,NA,in sand or gravel
Salvelinus namaycush,NA,NA,on the bottom (demersal)
Apogon novemfasciatus,NA,NA,in mouth (mouthbrooders)
Dorosoma notata,0,1.5,on the bottom (demersal)
Dorosoma notata,0,3.96,on the bottom (demersal)
Cynoscion nebulosus,19,NA,
Sebastes maliger,NA,NA,in female (livebearers)
Hippocampus denise,NA,NA,in brood pouch
Lutjanus norwegicus,NA,NA,on the bottom (demersal)
Raja ackleyi,NA,NA,on the bottom (demersal)
Scomber flexuosus,NA,NA,buoyant (pelagic)
Labroides dimidiatus,26,NA,
Salmo trutta pellegrini,NA,NA,
Lampris guttatus,NA,NA,buoyant (pelagic)
Scomber scombrus japonicus,17,2.04,buoyant (pelagic)
Scomber scombrus japonicus,17,2.08,buoyant (pelagic)
Raja tengu,NA,NA,in sand or gravel
Bathyraja spinicauda,NA,NA,in sand or gravel
Anchoviella baganensis,NA,NA,buoyant (pelagic)
Haemulon striatum,NA,NA,buoyant (pelagic)
Achirus fasciatus,NA,NA,buoyant (pelagic)
Raja cortezensis,NA,NA,on the bottom (demersal)
Salmo hudsonicus,NA,NA,
Oncorhynchus tshawytscha,NA,NA,
Macrourus berglax,NA,NA,
Etrumeus sadina,0,1.5,buoyant (pelagic)
Etrumeus sadina,0,2,buoyant (pelagic)
Etrumeus sadina,0,2.08,buoyant (pelagic)
Etrumeus sadina,0,5.62,buoyant (pelagic)
Chaenodraco wilsoni,NA,NA,on the bottom (demersal)
Hippocampus ingens,NA,NA,in brood pouch
Raja oxyptera,NA,NA,on the bottom (demersal)
Morone flavescens,36,NA,
Hydrolagus deani,NA,NA,on the bottom (demersal)
Etrumeus whiteheadi,NA,NA,
Nectamia bandanensis,NA,NA,in mouth (mouthbrooders)
Hydrolagus sp. B2,NA,NA,on the bottom (demersal)
Strangomera bentincki,NA,NA,buoyant (pelagic)
Salmo thymus,NA,NA,
Raja dageti,NA,NA,on the bottom (demersal)
Dipturus innominatus,NA,NA,on the bottom (demersal)
Raja isotrachys,NA,NA,in sand or gravel
Raja ocellata,NA,NA,in sand or gravel
Hippocampus monikei,NA,NA,in brood pouch
Tylosurus acus acus,NA,NA,on the bottom (demersal)
Hippocampus grandiceps,NA,NA,in brood pouch
Raja lanceorostrata,NA,NA,on the bottom (demersal)
Lethrinus nebulosus,NA,0.74,buoyant (pelagic)
Lethrinus nebulosus,NA,1.16,buoyant (pelagic)
Raja nasuta,NA,NA,in sand or gravel
Morone saxitilis,33,NA,buoyant (pelagic)
Lutjanus griseus,NA,NA,buoyant (pelagic)
Spectrunculus grandis,NA,NA,buoyant (pelagic)
Caranx lugubris,NA,NA,buoyant (pelagic)
Caranx goreensis,NA,NA,buoyant (pelagic)
Coregonus nasus kennicotti,NA,NA,
Raja platana,NA,NA,on the bottom (demersal)
Trachurus trachurus capensis,NA,NA,
Sebastes goodei,NA,NA,in female (livebearers)
Atheresthes stomias,NA,NA,buoyant (pelagic)
Achirus lineatus,23,NA,
Raja magellanica,NA,NA,on the bottom (demersal)
Takifugu rubripes,NA,9,on the bottom (demersal)
Anchoviella compressa,NA,NA,buoyant (pelagic)
Raja stenorhyncus,NA,NA,on the bottom (demersal)
Haemulon melanurum,NA,NA,buoyant (pelagic)
Pomadasys empherus,NA,NA,buoyant (pelagic)
Argentina sialis,NA,NA,buoyant (pelagic)
Stolephorus andhraensis,NA,NA,
Priacanthus altus,NA,NA,buoyant (pelagic)
Scomberomorus maculatus,9,0.65,
Scomberomorus maculatus,9,1.02,
Scomberomorus maculatus,9,1.04,
Arius herzbergii,NA,10,in mouth (mouthbrooders)
Diagramma pictum,NA,NA,buoyant (pelagic)
Salmo muelleri,NA,NA,buoyant (pelagic)
Sebastolobus macrochir,NA,NA,buoyant (pelagic)
Myoxocephalus quadricornis relicta,NA,90,
Myoxocephalus quadricornis relicta,NA,55,
Myoxocephalus quadricornis relicta,NA,74,
Myoxocephalus quadricornis relicta,NA,97,
Raja naevus,NA,NA,in sand or gravel
Alepes djedaba,NA,NA,buoyant (pelagic)
Coregonus hoyi,24,NA,
Haemulon californiensis,NA,NA,buoyant (pelagic)
Sebastes levis,NA,NA,in female (livebearers)
Scomber uam,NA,NA,buoyant (pelagic)
Thunnus pacificus,NA,NA,buoyant (pelagic)
Caranx hippus,NA,NA,buoyant (pelagic)
Hyporhamphus unifasciatus,NA,NA,
Oncorhynchus milktschutsch,NA,NA,
Hippocampus zosterae,NA,NA,in brood pouch
Raja fyllae lipacantha,NA,NA,in sand or gravel
Nototheniops larseni,NA,75,on the bottom (demersal)
Nototheniops larseni,NA,75,on the bottom (demersal)
Oncorhynchus clarkii pleuriticus,NA,NA,
Corythoichthys intestinalis,NA,NA,in brood pouch
Scarus pavoninus,NA,NA,
Bathyraja abyssicola,NA,NA,in sand or gravel
Coryphaenoides berglax,NA,NA,
Rhombosolea bassensis,NA,NA,buoyant (pelagic)
Haemulon chrysopterum,NA,NA,buoyant (pelagic)
Raja steindachneri,NA,NA,on the bottom (demersal)
Spratelloides bryoporus,NA,15,on the bottom (demersal)
Serranus multinotatus,NA,NA,buoyant (pelagic)
Trematomus pennellii,NA,NA,on the bottom (demersal)
Maurolicus muelleri,NA,NA,buoyant (pelagic)
Spaniblennius riodourensis,NA,NA,on the bottom (demersal)
Bathyraja caeluronigricans,NA,NA,on the bottom (demersal)
Trichiurus nitens,NA,6,buoyant (pelagic)
Caranx pisquetus,NA,NA,buoyant (pelagic)
Antennatus coccineus,NA,NA,buoyant (pelagic)
Caesio striatus,NA,NA,buoyant (pelagic)
Trachurus mediterraneus,NA,NA,buoyant (pelagic)
Haemulon taeniatum,NA,NA,buoyant (pelagic)
Genypterus omostigma,NA,NA,buoyant (pelagic)
Scomber sypterus,NA,1.96,buoyant (pelagic)
Tylosurus scapularis,NA,NA,on the bottom (demersal)
Microstomus kitt,NA,7,buoyant (pelagic)
Microstomus kitt,NA,5.5,buoyant (pelagic)
Microstomus kitt,NA,6,buoyant (pelagic)
Microstomus kitt,NA,8.8,buoyant (pelagic)
Harengula thrissina peruana,NA,NA,buoyant (pelagic)
Pagellus erythrinus,NA,NA,
Raja laevis,NA,NA,in sand or gravel
Raja griseocauda,NA,NA,on the bottom (demersal)
Makaira nigricans,NA,NA,buoyant (pelagic)
Bathyraja pallida,NA,NA,on the bottom (demersal)
Engraulis ringens,74,NA,buoyant (pelagic)
Xiphias gladius,NA,NA,buoyant (pelagic)
Engraulis encrasicolus,37,NA,buoyant (pelagic)
Dorosoma cepedianum,0,1.5,on the bottom (demersal)
Dorosoma cepedianum,0,3.96,on the bottom (demersal)
Anchoviella guineensis,37,NA,buoyant (pelagic)
Chionodraco hamatus,NA,NA,on the bottom (demersal)
Raja fullonica,NA,NA,in sand or gravel
Coregonus restrictus nusslinii,NA,NA,in sand or gravel
Cololabis saira,NA,NA,buoyant (pelagic)
Raja meerdervoortii,NA,NA,in sand or gravel
Sebastes dallii,NA,NA,in female (livebearers)
Molva byrkelange,NA,4,buoyant (pelagic)
Molva byrkelange,NA,4,buoyant (pelagic)
Molva byrkelange,NA,4,buoyant (pelagic)
Molva byrkelange,NA,10,buoyant (pelagic)
Molva byrkelange,NA,4,buoyant (pelagic)
Solea lutea,NA,NA,buoyant (pelagic)
Lophius americanus,NA,NA,buoyant (pelagic)
Symphodus melops,NA,NA,on the bottom (demersal)
Harengula thrissina,NA,NA,buoyant (pelagic)
Prionotus maculatus,NA,NA,buoyant (pelagic)
Gaidropsarus mustela,NA,NA,buoyant (pelagic)
Pristipomoides aurolineatus,NA,NA,buoyant (pelagic)
Raja bathyphilla,NA,NA,on the bottom (demersal)
Sebastes melanosema,NA,NA,in female (livebearers)
Bathyraja smithii,NA,NA,on the bottom (demersal)
Amblyraja georgiana,NA,NA,on the bottom (demersal)
Merluccius albidus,NA,7,
Raja quadrimaculata,NA,NA,in sand or gravel
Alosa sapidissima,0,2,on the bottom (demersal)
Alosa sapidissima,0,3,on the bottom (demersal)
Alosa sapidissima,0,7,on the bottom (demersal)
Alosa sapidissima,0,11,on the bottom (demersal)
Alosa sapidissima,0,13.5,on the bottom (demersal)
Alosa sapidissima,0,2,on the bottom (demersal)
Alosa sapidissima,0,17,on the bottom (demersal)
Anchoa mitchilli,32,NA,buoyant (pelagic)
Brotula imberbis,NA,NA,buoyant (pelagic)
Belone schismatorhynchus,NA,NA,on the bottom (demersal)
Anarhichas lupus,NA,60,
Haemulon macrostomum,NA,NA,buoyant (pelagic)
Lepidonotothen mizops,NA,NA,on the bottom (demersal)
Paralichthys oblongus,NA,NA,buoyant (pelagic)
Trichiurus lepturus,NA,6,buoyant (pelagic)
Apogon angustatus,NA,NA,in mouth (mouthbrooders)
Sebastes sp.,NA,NA,in female (livebearers)
Hydrolagus novaezealandiae,NA,NA,on the bottom (demersal)
Serranus knysnaensis,NA,NA,buoyant (pelagic)
Raja kwantungensis,NA,NA,in sand or gravel
Rajella annandalei,NA,NA,on the bottom (demersal)
Raja scobina,NA,NA,in sand or gravel
Trachipterus altivelis,NA,NA,buoyant (pelagic)
Macruronus novaezelandiae,NA,2.5,buoyant (pelagic)
Trematomus lepidorhinus,NA,NA,on the bottom (demersal)
Pollachius pollachius,NA,NA,buoyant (pelagic)
Scarus flavipectoralis,NA,NA,buoyant (pelagic)
Naso brevirostris,NA,NA,buoyant (pelagic)
Salmo strom,NA,220,in covered nest (i.e. burrow or tunnel)
Salmo scouleri,NA,NA,
Epinephelus ciliatus,NA,NA,in female (livebearers)
Scarus siganus,NA,NA,on the bottom (demersal)
Rajella purpuriventralis,NA,NA,on the bottom (demersal)
Epinephelus malabaricus,NA,0.8,
Sebastes gilli,NA,NA,in female (livebearers)
Istiophorus triactis,NA,NA,buoyant (pelagic)
Brotula clarkae,NA,NA,buoyant (pelagic)
Bathyraja murrayi,NA,NA,in sand or gravel
Encrasicholina heteroloba,NA,NA,buoyant (pelagic)
Thunnus thynnus maccoyii,24,NA,buoyant (pelagic)
Lepidonotothen squamifrons,NA,60,on the bottom (demersal)
Lepidonotothen squamifrons,NA,60,on the bottom (demersal)
Ammodytes immaculatus,NA,NA,in sand or gravel
Coregonus widegreni,NA,NA,in sand or gravel
Hyporhamphus meeki,NA,NA,fixed on plant or stone
Phycis ranina,NA,NA,buoyant (pelagic)
Sardinella tawilis,NA,NA,fixed on plant or stone
Alosa maeotica maeotica,NA,NA,on the bottom (demersal)
Stolephorus rastralis,NA,NA,
Rastrelliger serventyi,NA,NA,buoyant (pelagic)
Cheilodipterus quinquelineatus,23,NA,in mouth (mouthbrooders)
Scomber pelamys,20,1.1,buoyant (pelagic)
Trachurus picturatus,NA,NA,buoyant (pelagic)
Tautogolabrus adspersus,NA,1.67,buoyant (pelagic)
Ariomma indicum,NA,NA,buoyant (pelagic)
Dussumieria productissima,NA,1.5,
Dissostichus mawsoni,NA,NA,on the bottom (demersal)
Cryodraco antarcticus,NA,NA,on the bottom (demersal)
Arius subrostratus,NA,NA,buoyant (pelagic)
Hippocampus tuberculatus,NA,NA,in brood pouch
Raja jenseni,NA,NA,on the bottom (demersal)
Raja miraletus,NA,NA,in sand or gravel
Fistularia corneta,NA,NA,
Raja brachyura,NA,NA,in sand or gravel
Polynemus oligodon,NA,NA,buoyant (pelagic)
Raja africana,NA,NA,on the bottom (demersal)
Urophycis chuss,NA,1.25,buoyant (pelagic)
Eleutheronema tetradactylum,NA,NA,buoyant (pelagic)
Hippocampus villosus,NA,NA,in brood pouch
Hippocampus obscurus,NA,NA,in brood pouch
Abudefduf vaigiensis,NA,NA,on the bottom (demersal)
Hilsa kelee,NA,NA,buoyant (pelagic)
Bregmaceros mcclellandi,NA,NA,buoyant (pelagic)
Raja fuliginea,NA,NA,in sand or gravel
Scomber pelagicus,NA,2,buoyant (pelagic)
Scomber pelagicus,NA,1.7,buoyant (pelagic)
Cynoscion jamaicensis,NA,NA,buoyant (pelagic)
Salmo truncatus,NA,NA,in sand or gravel
Dascyllus aruanus,NA,NA,in open nest
Raja kreffti,NA,NA,on the bottom (demersal)
Sebastes matsubarai,NA,NA,in female (livebearers)
Bathyraja multispinis,NA,NA,on the bottom (demersal)
Hydrolagus eidolon,NA,NA,on the bottom (demersal)
Molva vulgaris,NA,NA,buoyant (pelagic)
Bathyraja griseocauda,NA,NA,on the bottom (demersal)
Oncorhynchus scouleri,NA,NA,
Stenotomus chrysops,NA,1.67,buoyant (pelagic)
Lophius hispidus,NA,NA,buoyant (pelagic)
Siganus argenteus,NA,1.04,
Alosa fallax,NA,NA,on the bottom (demersal)
Harengula tawilis,NA,NA,fixed on plant or stone
Alectis alexandrina,NA,NA,buoyant (pelagic)
Trachinus cirrhosus,NA,NA,in another animal (i.e. bivalve)
Scarus lauia,NA,NA,buoyant (pelagic)
Lutjanus luteus,NA,NA,buoyant (pelagic)
Merlangius merlangus,NA,NA,buoyant (pelagic)
Genyatremus luteus,NA,NA,buoyant (pelagic)
Mugil saliens,NA,NA,
Melanogrammus aeglefinus,127,13,buoyant (pelagic)
Melanogrammus aeglefinus,127,15,buoyant (pelagic)
Lethrinus lentjan,NA,NA,buoyant (pelagic)
Lutjanus synagris,NA,NA,
Stolephorus robertsi,NA,NA,
Haemulon flaviguttatus,NA,NA,buoyant (pelagic)
Naucrates ductor,NA,NA,on the bottom (demersal)
Pagellus bogaraveo,NA,NA,
Amphichthys cryptocentrus,NA,NA,
Balistoides conspicillum,NA,NA,
Raja hyperborea,NA,NA,in sand or gravel
Thunnus thynnus,28,3,buoyant (pelagic)
Oncorhynchus masou masou,NA,NA,in sand or gravel
Sphoeroides maculatus,NA,NA,on the bottom (demersal)
Genypterus tigerinus,NA,NA,buoyant (pelagic)
Acanthurus tractus,NA,NA,buoyant (pelagic)
Ammodytes americanus,159,NA,on the bottom (demersal)
Mugil cephalus,NA,1.54,buoyant (pelagic)
Mugil cephalus,NA,2.04,buoyant (pelagic)
Mugil cephalus,NA,1.5,buoyant (pelagic)
Mugil cephalus,NA,2.14,buoyant (pelagic)
Mugil cephalus,NA,1.08,buoyant (pelagic)
Liza saliens,NA,NA,
Bathyraja maculata,NA,NA,in sand or gravel
Lutjanus campechanus,NA,1,
Salmo lenok,NA,20.5,
Salmo lenok,NA,50,
Caranx dumerili,NA,NA,buoyant (pelagic)
Siganus canaliculatus,NA,NA,on the bottom (demersal)
Rajella fyllae,NA,NA,in sand or gravel
Hippocampus spinosissimus,NA,NA,in brood pouch
Apogon coccineus,NA,NA,in mouth (mouthbrooders)
Hippocampus trimaculatus,NA,NA,in brood pouch
Raja bahamensis,NA,NA,on the bottom (demersal)
Hydrolagus alberti,NA,NA,on the bottom (demersal)
Alosa malayana,NA,NA,buoyant (pelagic)
Stolephorus lucidus,NA,NA,
Microchirus variegatus,NA,NA,buoyant (pelagic)
Coryphaena vlamingii,NA,2,buoyant (pelagic)
Coryphaena vlamingii,NA,1.7,buoyant (pelagic)
Scomber sarda,NA,NA,buoyant (pelagic)
Trachurus imperialis,NA,1.17,buoyant (pelagic)
Alepocephalus bairdii,NA,NA,buoyant (pelagic)
Trachinus araneus,NA,NA,buoyant (pelagic)
Campogramma glaycos,NA,NA,buoyant (pelagic)
Trematomus hansoni,NA,NA,on the bottom (demersal)
Atheresthes evermanni,NA,NA,buoyant (pelagic)
Cephalopholis malabaricus,NA,0.8,
Acanthurus undulatus,NA,NA,buoyant (pelagic)
Ethmalosa fimbriata,NA,0.71,buoyant (pelagic)
Eleginus gracilis,NA,NA,
Raja pita,NA,NA,on the bottom (demersal)
Bathyraja hesperafricana,NA,NA,on the bottom (demersal)
Chelon labrosus,NA,NA,buoyant (pelagic)
Alosa aestivalis,NA,2.08,on the bottom (demersal)
Alosa aestivalis,NA,2.35,on the bottom (demersal)
Alosa aestivalis,NA,3.63,on the bottom (demersal)
Odontesthes regia,NA,NA,
Bathyraja lindbergi,NA,NA,on the bottom (demersal)
Mugil petrosus,NA,NA,buoyant (pelagic)
Istiophorus audax,NA,NA,
Tylosurus sierrita,NA,NA,fixed on plant or stone
Tylosurus pterurus,NA,NA,on the bottom (demersal)
Caranx suareus,NA,NA,buoyant (pelagic)
Hippocampus longirostris,NA,NA,in brood pouch
Chaetodon unimaculatus,NA,NA,buoyant (pelagic)
Myoxocephalus bubalis,NA,NA,on the bottom (demersal)
Sillago sihama,NA,0.83,
Trigla papilio,NA,NA,buoyant (pelagic)
Acanthurus strigosus,NA,NA,buoyant (pelagic)
Paralichthys dentatus,99,2.33,buoyant (pelagic)
Paralichthys dentatus,99,3.06,buoyant (pelagic)
Paralichthys dentatus,99,5.92,buoyant (pelagic)
Scomber quadripunctatus,24,NA,buoyant (pelagic)
Channichthys rhinoceratus,NA,NA,on the bottom (demersal)
Cephalopholis nebulosus,NA,NA,buoyant (pelagic)
Scomber maculosus,NA,NA,buoyant (pelagic)
Scorpaena rufa,NA,NA,other
Pagrus unicolor,NA,NA,buoyant (pelagic)
Salmo vimba,28,NA,on the bottom (demersal)
Salmo foetens,NA,NA,
Squalus spathula,NA,NA,
Hyporhamphus melanochir,NA,NA,fixed on plant or stone
Cypselurus coromandelensis,NA,NA,
Caesio tricolor,NA,NA,buoyant (pelagic)
Scyliorhinus stellaris,NA,NA,fixed on plant or stone
Candidia barbata,NA,NA,on the bottom (demersal)
Belone urvillii,NA,NA,on the bottom (demersal)
Rajella fuliginea,NA,NA,in sand or gravel
Sebastes iracundus,NA,NA,in female (livebearers)
Lophius tumidus,NA,NA,buoyant (pelagic)
Dussumieria elopsoides,NA,1.5,
Raja sadowskii,NA,NA,on the bottom (demersal)
Raja senta,NA,NA,in sand or gravel
Caranx crysos,NA,NA,buoyant (pelagic)
Bathyraja kincaidii,NA,NA,in sand or gravel
Oncorhynchus myskis,NA,NA,in sand or gravel
Limanda ferruginea,NA,NA,buoyant (pelagic)
Coregonus nelsonii,NA,NA,in sand or gravel
Belone ardeola,NA,NA,on the bottom (demersal)
Hydrolagus pallidus,NA,NA,on the bottom (demersal)
Caranx tenebrosus,NA,NA,buoyant (pelagic)
Argentina glossodonta,NA,NA,buoyant (pelagic)
Notothenia rossii,NA,85,on the bottom (demersal)
Notothenia rossii,NA,105,on the bottom (demersal)
Lophius commersonii,NA,NA,buoyant (pelagic)
Balistapus undulatus,NA,NA,in sand or gravel
Bathylagus stilbius stilbius,NA,NA,buoyant (pelagic)
Thunnus alalunga,NA,NA,buoyant (pelagic)
Liza aurata,NA,NA,buoyant (pelagic)
Beryx splendens,NA,NA,buoyant (pelagic)
Hippocampus zebra,NA,NA,in brood pouch
Raja microps,NA,NA,in sand or gravel
Trachurus squamosus,NA,NA,buoyant (pelagic)
Belone notata,NA,NA,on the bottom (demersal)
Raja rostellata,NA,NA,in sand or gravel
Mora moro,NA,NA,buoyant (pelagic)
Bathyraja magellanica,NA,NA,on the bottom (demersal)
Trachinus trichodon,NA,NA,on the bottom (demersal)
Salmo trutta fario,NA,NA,on the bottom (demersal)
Spratelloides aestuarius,NA,NA,fixed on plant or stone
Raja yucatanensis,NA,NA,on the bottom (demersal)
Congresox talabonoides,NA,NA,
Belone platura,NA,NA,on the bottom (demersal)
Epigonus lifouensis,NA,NA,
Morone americana,85,NA,
Liza troschelli,NA,0.96,
Champsocephalus gunnari,NA,165,on the bottom (demersal)
Champsocephalus gunnari,NA,52.5,on the bottom (demersal)
Champsocephalus gunnari,NA,120,on the bottom (demersal)
Bathyraja matsubarai,NA,NA,in sand or gravel
Rajella dissimilis,NA,NA,on the bottom (demersal)
Liza curema,NA,NA,buoyant (pelagic)
Orcynopsis unicolor,NA,NA,buoyant (pelagic)
Raja manillidens,NA,NA,on the bottom (demersal)
Orthopristis chrysoptera,NA,NA,buoyant (pelagic)
Caranx amia,NA,NA,buoyant (pelagic)
Bathyraja richardsoni,NA,NA,on the bottom (demersal)
Decapterus macrosorna,NA,NA,
Anchoviella tri,NA,NA,buoyant (pelagic)
Raja whitleyi,NA,NA,on the bottom (demersal)
Raja annandalei,NA,NA,on the bottom (demersal)
Raja waitii,NA,NA,in sand or gravel
Trichiurus trimaculatus,NA,NA,buoyant (pelagic)
Forcipiger flavissimus,NA,NA,buoyant (pelagic)
Hoplostethus atlanticus,NA,15,buoyant (pelagic)
Stolephorus indicus,NA,NA,buoyant (pelagic)
Cheilodipterus artus,NA,NA,in mouth (mouthbrooders)
Trachurus fasciatus,NA,NA,buoyant (pelagic)
Seriola semicoronata,NA,NA,buoyant (pelagic)
Abudefduf curacao,13,NA,
Uranoscopus guttatus,NA,NA,buoyant (pelagic)
Raja gigas,NA,NA,in sand or gravel
Sebastes flammeus,NA,NA,in female (livebearers)
Caranx latus,NA,NA,buoyant (pelagic)
Raja montagui,NA,NA,in sand or gravel
Sardinops caeruleus,44,2.5,buoyant (pelagic)
Sardinops caeruleus,44,2,buoyant (pelagic)
Sardinops caeruleus,44,1.75,buoyant (pelagic)
Sardinops caeruleus,44,3.7,buoyant (pelagic)
Scarus lunula,NA,NA,buoyant (pelagic)
Gobionotothen acuta,NA,NA,
Caesio terus,NA,NA,buoyant (pelagic)
Anchoa nasus,NA,NA,buoyant (pelagic)
Centropomus niloticus,NA,NA,buoyant (pelagic)
Bathyraja minispinosa,NA,NA,in sand or gravel
Gymnothorax griseus,NA,NA,buoyant (pelagic)
Balistes capriscus,NA,NA,in sand or gravel
Istiophorus platypterus,NA,NA,buoyant (pelagic)
Argentina sphyraena,NA,NA,buoyant (pelagic)
Epinephelus suillus,NA,NA,buoyant (pelagic)
Belone microps,NA,NA,on the bottom (demersal)
Labrus bergylta,NA,NA,on the bottom (demersal)
Coregonus wartmanni coeruleus,NA,NA,in sand or gravel
Uranoscopus macropygus,NA,NA,buoyant (pelagic)
Hippocampus tristis,NA,NA,in brood pouch
Prionotus stephanophrys,NA,NA,
Ethmidium maculatum,NA,NA,buoyant (pelagic)
Belone melanotus,NA,NA,on the bottom (demersal)
Stolephorus macrops,NA,NA,buoyant (pelagic)
Salmo mackenzii,NA,NA,on the bottom (demersal)
Caesio digramma,NA,0.96,buoyant (pelagic)
Scomber japonicus,17,2.04,buoyant (pelagic)
Scomber japonicus,17,2.08,buoyant (pelagic)
Raja castelnaui,NA,NA,in sand or gravel
Acanthurus triostegus,NA,1.08,buoyant (pelagic)
Anarhichas vomerinus,NA,60,
Coryphaenoides tasmaniae,NA,2.5,buoyant (pelagic)
Sardinella neohowii,NA,NA,buoyant (pelagic)
Myoxocephalus octodecimspinosus,NA,NA,other
Nemadactylus macropterus,NA,NA,buoyant (pelagic)
Thryssa valenciennesi,NA,NA,buoyant (pelagic)
Sebastes carnatus,NA,NA,in female (livebearers)
Raja sibogae,NA,NA,on the bottom (demersal)
Caranx declivis,NA,NA,buoyant (pelagic)
Glyptocephalus cynoglossus,NA,7,buoyant (pelagic)
Glyptocephalus cynoglossus,NA,8,buoyant (pelagic)
Caranx ronchus,NA,NA,buoyant (pelagic)
Raja eglanteria,NA,NA,in sand or gravel
Tylosurus imperialis,NA,NA,on the bottom (demersal)
Lycengraulis grossidens,NA,NA,buoyant (pelagic)
Centropomus arabicus,NA,NA,in mouth (mouthbrooders)
Sebastes maculatus,NA,NA,buoyant (pelagic)
Thunnus vulgaris,28,3,buoyant (pelagic)
Belone taeniata,NA,NA,on the bottom (demersal)
Mola mola,NA,NA,buoyant (pelagic)
Lepidopus caudatus,NA,NA,buoyant (pelagic)
Apogon taeniophorus,NA,NA,in mouth (mouthbrooders)
Kajikia audax,NA,NA,
Pomadasys caesius,NA,NA,buoyant (pelagic)
Anchoviella tapirulus,74,NA,buoyant (pelagic)
Bathyraja isotrachys,NA,NA,in sand or gravel
Genypterus blacodes,NA,NA,buoyant (pelagic)
Euthynnus alletteratus,24,NA,buoyant (pelagic)
Raja oregoni,NA,NA,on the bottom (demersal)
Callichirus islagrande,14,0,
Hemigrapsus oregonensis,24.5,0,
Lepidophthalmus louisianensis,3,0,
Pachygrapsus crassipes,88,0,
Pandalus borealis,105,0,
Penaeus monodon,14,0,
Penaeus monodon,14,0,
Synalpheus pectiniger,3,0,
Abudefduf saxatilis,23,0,
Acanthochromis polyacanthus,0,0,
Acanthochromis polyacanthus,0,0,
Acanthurus chirurgus,55.2,0,
Acanthurus triostegus,60,0,
Acanthurus triostegus,60,0,
Acanthurus triostegus,65,0,
Alloclinus holderi,60,0,
Amphiprion clarkii,11.5,0,
Amphiprion melanopus,18.5,0,
Arnoglossus thori,31.4,0,
Atherina hepsetus,83,0,
 ,NA,0,
Axoclinus nigricaudus,18,0,
Balistes vetula,75,0,
Bathygobius soporator,30,0,
Boops boops,16.9,0,
Bothus podas,33.7,0,
Caesio cuning,45,0,
Chaetodon citrinellus,45,0,
Chaetodon quadrimaculatus,45,0,
Chanos chanos,21,0,
Chelidonichthys spinosus,19,0,
Chionodraco hamatus,547,0,
Chromis atripectoralis,21,0,
Chromis punctipinnis,35,0,
Chromis xanthura,25,0,
Chrysiptera glauca,25,0,
Clevelandia ios,21,0,
Clinocottus analis,42,0,
Coris julis,35,0,
Ctenolabrus rupestris,20.9,0,
Cynoscion nebulosus,20,0,
Dascyllus aruanus,23,0,
Dascyllus aruanus,25,0,
Dascyllus trimaculatus,23,0,
Didogobius schlieweni,26,0,
Dissostichus mawsoni,547,0,
Elacatinus evelynae,22.3,0,
Embiotoca jacksoni,0,0,
Engraulis mordax,30,0,
Epinephelus merra,39,0,
Epinephelus morio,40,0,
Epinephelus morio,40,0,
Eucyclogobius newberryi,16.5,0,
Eupomacentrus partitus,28,0,
Forcipiger flavissimus,45,0,
Gaidropsarus mediterraneus,43,0,
Gasterosteus aculeatus,35,0,
Girella nigricans,60,0,
Gnatholepis thompsoni,81.5,0,
Gobionotothen gibberifrons,120,0,
Haemulon flavolineatum,15,0,
Haemulon flavolineatum,15,0,
Halichoeres bivittatus,24.1,0,
Halichoeres bivittatus,24.2,0,
Halichoeres maculipinna,29,0,
Halichoeres poey,25,0,
Halichoeres radiatus,26,0,
Hippocampus NA,18.5,0,
Holocentrus ascensionis,48.7,0,
Holocentrus ascensionis,71,0,
Lachnolaimus maximus,26,0,
Lethrinus obsoletus,14,0,
Lutjanus erythropterus,21,0,
Lythrypnus dalli,70,0,
Malacoctenus hubbsi,24,0,
Medialuna californiensis,90,0,
Mullus surmuletus,30.1,0,
Mycteroperca NA,42,0,
Myripristis berndti,55,0,
Myripristis jacobus,58,0,
Naso vlamingii,90,0,
Ocyurus NA,34.5,0,
Ophioblennius atlanticus,28.6,0,
Ophioblennius steindachneri,50,0,
Ostorhinchus doederleini,21,0,
Pagellus NA,43.9,0,
 ,NA,0,
Paralabrax clathratus,24,0,
Parupeneus barberinus,7,0,
Plectroglyphydodon dickii,25,0,
Pomacentrus coelestis,19,0,
Pomacentrus pavo,25,0,
Pomatoschistus minutus,35,0,
Pterapogon kauderni,0,0,
Pterocaesio chrysozona,42,0,
Rhinecanthus aculeatus,73,0,
Sarpa salpa,31.7,0,
Sciaena umbra,22.5,0,
Scorpaena NA,27,0,
Sebastes atrovirens,75,0,
Sebastes auriculatus,90,0,
Sebastes caurinus,75,0,
Sebastes crameri,90,0,
Sebastes rastrelliger,60,0,
Semicossyphus pulcher,53,0,
Serranus NA,37.5,0,
Siganus luridus,14,0,
Sparisoma viride,57,0,
Spondyliosoma cantharus,33.7,0,
Stegastes fasciolatus,34.5,0,
Stegastes leucostictus,24.5,0,
Stegastes nigricans,24,0,
Stegastes nigricans,24,0,
Thalassoma bifasciatum,45,0,
Thalassoma bifasciatum,49.3,0,
Trachinus draco,12.9,0,
Trigla lucerna,19.1,0,
Mustelus NA,0,0,
Sphyrna NA,0,0,
Carcharhinus NA,0,0,
Acanthaster planci,21,0,
Luidia foliolata,100.5,0,
Patiriella calcar,10,0,
Patiriella exigua,0,0,
Pisaster ochraceus,152,0,
Pycnopodia helianthoides,118,0,
Allocentrotus fragilis,196.5,0,
Brisaster latifrons,117,0,
Dendraster excentricus,115,0,
Echinometra lucunter,14,0,
Heliocidaris erythrogramma,3.5,0,
Heliocidaris tuberculata,21,0,
Paracentrotus lividus,30,0,
Slrongylocentrotus droebachiensis,101.5,0,
Slrongylocentrotus franciscanus,96.5,0,
Slrongylocentrotus pallidus,63,0,
Strongylocentrotus droebachiens,88,0,
Strongylocentrotus franciscanus,100,0,
Strongylocentrotus purpuratus,60,0,
Strongylocentrotus purpuratus,88,0,
Cucumaria miniata,12,0,
Cucumaria pseudocurata,0,0,
Holothuria nobilis,28,0,
Parastichopus californicus,71,0,
Ophiopholis aculeata,149.5,0,
Crassostrea virginica,17.5,0,
Mytilus chilensis,45,0,
Ostrea edulis,10,0,
Panopea abrupta,32,0,
Panopea abrupta,32,0,
Pecten jacobaeus,24.5,0,
Pecten maximus,24.5,0,
Tridacna derasa,8.5,0,
Tridacna gigas,8.5,0,
Tridacna maxima,8.5,0,
Tridacna maxima,8.5,0,
Adalaria proxima,1.5,0,
Aplysia californica,35,0,
Bedeva hanleyi,0,0,
Buccinum undatum,0,0,
Cellana ornata,7,0,
Cellana radians,7,0,
Cominella lineolata,0,0,
Cuthona adyarensis,13.83,0,
Dolabella aunculana,131.06,0,
Goniodoris nodosa,80.5,0,
Haliotis cracherodii,7.5,0,
Haliotis midae,6,0,
Littorina littorea,35,0,
Littorina saxatilis,0,0,
Morula marginalba,31.5,0,